AM_1,POE\C01\BTd064.GB,,15,51,调用,,AM,,,VAR,FB,,,
AM_1,POE\C01\C01V.VB,,,,,,AM,,,VAR,DEFINITION,,,
AM_2,POE\C01\BTd074.GB,,23,56,调用,,AM,,,VAR,FB,,,
AM_2,POE\C01\C01V.VB,,,,,,AM,,,VAR,DEFINITION,,,
AM_3,POE\C01\BTd084.GB,,20,48,调用,,AM,,,VAR,FB,,,
AM_3,POE\C01\C01V.VB,,,,,,AM,,,VAR,DEFINITION,,,
AM_4,POE\C01\BTd094.GB,,19,51,调用,,AM,,,VAR,FB,,,
AM_4,POE\C01\C01V.VB,,,,,,AM,,,VAR,DEFINITION,,,
AM_5,POE\C01\BTd126.GB,,18,48,调用,,AM,,,VAR,FB,,,
AM_5,POE\C01\C01V.VB,,,,,,AM,,,VAR,DEFINITION,,,
B24VOK_AXC_COM,POE\C01\BK_COM2.GB,IN,294,27,读,,BOOL,,,VAR_EXTERNAL,GLOBAL,,控制柜AXC IO电源OK,
B24VOK_AXC_COM,POE\C01\C01V.VB,,,,,,BOOL,,,VAR_EXTERNAL,DEFINITION,,控制柜AXC IO电源OK,
B24VOK_CPU_COM,POE\C01\BK_COM2.GB,IN,270,27,读,,BOOL,,,VAR_EXTERNAL,GLOBAL,,控制柜CPU电源OK,
B24VOK_CPU_COM,POE\C01\C01V.VB,,,,,,BOOL,,,VAR_EXTERNAL,DEFINITION,,控制柜CPU电源OK,
B24VOK_IO_COM,POE\C01\BK_COM2.GB,IN,278,28,读,,BOOL,,,VAR_EXTERNAL,GLOBAL,,控制柜IO电源OK,
B24VOK_IO_COM,POE\C01\C01V.VB,,,,,,BOOL,,,VAR_EXTERNAL,DEFINITION,,控制柜IO电源OK,
B24VOK_MCR_COM,POE\C01\BK_COM2.GB,IN,290,27,读,,BOOL,,,VAR_EXTERNAL,GLOBAL,,控制柜MCR IO电源OK,
B24VOK_MCR_COM,POE\C01\C01V.VB,,,,,,BOOL,,,VAR_EXTERNAL,DEFINITION,,控制柜MCR IO电源OK,
B24VOK_NCM_COM,POE\C01\BK_COM2.GB,IN,302,27,读,,BOOL,,,VAR_EXTERNAL,GLOBAL,,控制柜NCM IO电源OK,
B24VOK_NCM_COM,POE\C01\C01V.VB,,,,,,BOOL,,,VAR_EXTERNAL,DEFINITION,,控制柜NCM IO电源OK,
B24VOK_PRT_COM,POE\C01\BK_COM2.GB,IN,298,27,读,,BOOL,,,VAR_EXTERNAL,GLOBAL,,控制柜PRT IO电源OK,
B24VOK_PRT_COM,POE\C01\C01V.VB,,,,,,BOOL,,,VAR_EXTERNAL,DEFINITION,,控制柜PRT IO电源OK,
B24VOK_RACK_COM,POE\C01\BK_COM2.GB,IN,274,26,读,,BOOL,,,VAR_EXTERNAL,GLOBAL,,控制柜机架电源OK,
B24VOK_RACK_COM,POE\C01\C01V.VB,,,,,,BOOL,,,VAR_EXTERNAL,DEFINITION,,控制柜机架电源OK,
BAB1_GJ_COM,POE\C01\BK_COM2.GB,IN,66,257,读,,BOOL,,,VAR_EXTERNAL,GLOBAL,,1#安全棒到顶部终端,
BAB1_GJ_COM,POE\C01\C01V.VB,,,,,,BOOL,,,VAR_EXTERNAL,DEFINITION,,1#安全棒到顶部终端,
BAB2_GJ_COM,POE\C01\BK_COM2.GB,IN,70,257,读,,BOOL,,,VAR_EXTERNAL,GLOBAL,,2#安全棒到顶部终端,
BAB2_GJ_COM,POE\C01\C01V.VB,,,,,,BOOL,,,VAR_EXTERNAL,DEFINITION,,2#安全棒到顶部终端,
BAB_380V_EI_COM,POE\C01\BK_COM2.GB,IN,279,64,读,,BOOL,,,VAR_EXTERNAL,GLOBAL,,应急AC380V I段供电状态,
BAB_380V_EI_COM,POE\C01\C01V.VB,,,,,,BOOL,,,VAR_EXTERNAL,DEFINITION,,应急AC380V I段供电状态,
BAB_380V_N_COM,POE\C01\BK_COM2.GB,IN,275,65,读,,BOOL,,,VAR_EXTERNAL,GLOBAL,,正常AC380V供电,
BAB_380V_N_COM,POE\C01\C01V.VB,,,,,,BOOL,,,VAR_EXTERNAL,DEFINITION,,正常AC380V供电,
BAB_AC220_EI_COM,POE\C01\BK_COM2.GB,IN,299,142,读,,BOOL,,,VAR_EXTERNAL,GLOBAL,,应急AC220V I段供电状态,
BAB_AC220_EI_COM,POE\C01\C01V.VB,,,,,,BOOL,,,VAR_EXTERNAL,DEFINITION,,应急AC220V I段供电状态,
BAB_AC220_EII_COM,POE\C01\BK_COM2.GB,IN,303,140,读,,BOOL,,,VAR_EXTERNAL,GLOBAL,,应急AC220V II段供电状态,
BAB_AC220_EII_COM,POE\C01\C01V.VB,,,,,,BOOL,,,VAR_EXTERNAL,DEFINITION,,应急AC220V II段供电状态,
BAB_DC48V_I_COM,POE\C01\BK_COM2.GB,IN,307,143,读,,BOOL,,,VAR_EXTERNAL,GLOBAL,,DC48V供电状态1,
BAB_DC48V_I_COM,POE\C01\C01V.VB,,,,,,BOOL,,,VAR_EXTERNAL,DEFINITION,,DC48V供电状态1,
BAB_DC48V_II_COM,POE\C01\BK_COM2.GB,IN,267,187,读,,BOOL,,,VAR_EXTERNAL,GLOBAL,,DC48V供电状态2,
BAB_DC48V_II_COM,POE\C01\C01V.VB,,,,,,BOOL,,,VAR_EXTERNAL,DEFINITION,,DC48V供电状态2,
BBB10_AC220V_EII_COM,POE\C01\BK_COM2.GB,IN,279,138,读,,BOOL,,,VAR_EXTERNAL,GLOBAL,,10#补偿棒应急AC220V II段供电状态,
BBB10_AC220V_EII_COM,POE\C01\C01V.VB,,,,,,BOOL,,,VAR_EXTERNAL,DEFINITION,,10#补偿棒应急AC220V II段供电状态,
BBB10_DC110V_EII_COM,POE\C01\BK_COM2.GB,IN,279,98,读,,BOOL,,,VAR_EXTERNAL,GLOBAL,,10#补偿棒应急DC110V II段供电状态,
BBB10_DC110V_EII_COM,POE\C01\C01V.VB,,,,,,BOOL,,,VAR_EXTERNAL,DEFINITION,,10#补偿棒应急DC110V II段供电状态,
BBB10_DJ_COM,POE\C01\BK_COM2.GB,IN,227,29,读,,BOOL,,,VAR_EXTERNAL,GLOBAL,,10#补偿棒到底部终端位置,
BBB10_DJ_COM,POE\C01\C01V.VB,,,,,,BOOL,,,VAR_EXTERNAL,DEFINITION,,10#补偿棒到底部终端位置,
BBB10_WD_P_COM,POE\C01\BK_COM2.GB,IN,383,72,读,,BOOL,,,VAR_EXTERNAL,GLOBAL,,10#补偿棒电位器供电状态,
BBB10_WD_P_COM,POE\C01\C01V.VB,,,,,,BOOL,,,VAR_EXTERNAL,DEFINITION,,10#补偿棒电位器供电状态,
BBB10_ZKF_P_COM,POE\C01\BK_COM2.GB,IN,380,31,读,,BOOL,,,VAR_EXTERNAL,GLOBAL,,10#补偿棒自整角机供电状态,
BBB10_ZKF_P_COM,POE\C01\C01V.VB,,,,,,BOOL,,,VAR_EXTERNAL,DEFINITION,,10#补偿棒自整角机供电状态,
BBB1_AC220V_EI_COM,POE\C01\BK_COM2.GB,IN,283,100,读,,BOOL,,,VAR_EXTERNAL,GLOBAL,,1#补偿棒应急AC220V I段供电状态,
BBB1_AC220V_EI_COM,POE\C01\C01V.VB,,,,,,BOOL,,,VAR_EXTERNAL,DEFINITION,,1#补偿棒应急AC220V I段供电状态,
BBB1_DC110V_EI_COM,POE\C01\BK_COM2.GB,IN,283,61,读,,BOOL,,,VAR_EXTERNAL,GLOBAL,,1#补偿棒应急DC110V I段供电状态,
BBB1_DC110V_EI_COM,POE\C01\C01V.VB,,,,,,BOOL,,,VAR_EXTERNAL,DEFINITION,,1#补偿棒应急DC110V I段供电状态,
BBB1_DJ_COM,POE\C01\BK_COM2.GB,IN,191,30,读,,BOOL,,,VAR_EXTERNAL,GLOBAL,,1#补偿棒到底部终端位置,
BBB1_DJ_COM,POE\C01\C01V.VB,,,,,,BOOL,,,VAR_EXTERNAL,DEFINITION,,1#补偿棒到底部终端位置,
BBB1_WD_P_COM,POE\C01\BK_COM2.GB,IN,347,73,读,,BOOL,,,VAR_EXTERNAL,GLOBAL,,1#补偿棒电位器供电状态,
BBB1_WD_P_COM,POE\C01\C01V.VB,,,,,,BOOL,,,VAR_EXTERNAL,DEFINITION,,1#补偿棒电位器供电状态,
BBB1_ZKF_P_COM,POE\C01\BK_COM2.GB,IN,344,32,读,,BOOL,,,VAR_EXTERNAL,GLOBAL,,1#补偿棒自整角机供电状态,
BBB1_ZKF_P_COM,POE\C01\C01V.VB,,,,,,BOOL,,,VAR_EXTERNAL,DEFINITION,,1#补偿棒自整角机供电状态,
BBB2_AC220V_EII_COM,POE\C01\BK_COM2.GB,IN,287,98,读,,BOOL,,,VAR_EXTERNAL,GLOBAL,,2#补偿棒应急AC220V II段供电状态,
BBB2_AC220V_EII_COM,POE\C01\C01V.VB,,,,,,BOOL,,,VAR_EXTERNAL,DEFINITION,,2#补偿棒应急AC220V II段供电状态,
BBB2_DC110V_EII_COM,POE\C01\BK_COM2.GB,IN,287,59,读,,BOOL,,,VAR_EXTERNAL,GLOBAL,,2#补偿棒应急DC111V II段供电状态,
BBB2_DC110V_EII_COM,POE\C01\C01V.VB,,,,,,BOOL,,,VAR_EXTERNAL,DEFINITION,,2#补偿棒应急DC111V II段供电状态,
BBB2_DJ_COM,POE\C01\BK_COM2.GB,IN,195,30,读,,BOOL,,,VAR_EXTERNAL,GLOBAL,,2#补偿棒到底部终端位置,
BBB2_DJ_COM,POE\C01\C01V.VB,,,,,,BOOL,,,VAR_EXTERNAL,DEFINITION,,2#补偿棒到底部终端位置,
BBB2_WD_P_COM,POE\C01\BK_COM2.GB,IN,351,73,读,,BOOL,,,VAR_EXTERNAL,GLOBAL,,2#补偿棒电位器供电状态,
BBB2_WD_P_COM,POE\C01\C01V.VB,,,,,,BOOL,,,VAR_EXTERNAL,DEFINITION,,2#补偿棒电位器供电状态,
BBB2_ZKF_P_COM,POE\C01\BK_COM2.GB,IN,348,32,读,,BOOL,,,VAR_EXTERNAL,GLOBAL,,2#补偿棒自整角机供电状态,
BBB2_ZKF_P_COM,POE\C01\C01V.VB,,,,,,BOOL,,,VAR_EXTERNAL,DEFINITION,,2#补偿棒自整角机供电状态,
BBB3_AC220V_EI_COM,POE\C01\BK_COM2.GB,IN,291,100,读,,BOOL,,,VAR_EXTERNAL,GLOBAL,,3#补偿棒应急AC220V I段供电状态,
BBB3_AC220V_EI_COM,POE\C01\C01V.VB,,,,,,BOOL,,,VAR_EXTERNAL,DEFINITION,,3#补偿棒应急AC220V I段供电状态,
BBB3_DC110V_EI_COM,POE\C01\BK_COM2.GB,IN,291,61,读,,BOOL,,,VAR_EXTERNAL,GLOBAL,,3#补偿棒应急DC110V I段供电状态,
BBB3_DC110V_EI_COM,POE\C01\C01V.VB,,,,,,BOOL,,,VAR_EXTERNAL,DEFINITION,,3#补偿棒应急DC110V I段供电状态,
BBB3_DJ_COM,POE\C01\BK_COM2.GB,IN,199,30,读,,BOOL,,,VAR_EXTERNAL,GLOBAL,,3#补偿棒到底部终端位置,
BBB3_DJ_COM,POE\C01\C01V.VB,,,,,,BOOL,,,VAR_EXTERNAL,DEFINITION,,3#补偿棒到底部终端位置,
BBB3_WD_P_COM,POE\C01\BK_COM2.GB,IN,355,73,读,,BOOL,,,VAR_EXTERNAL,GLOBAL,,3#补偿棒电位器供电状态,
BBB3_WD_P_COM,POE\C01\C01V.VB,,,,,,BOOL,,,VAR_EXTERNAL,DEFINITION,,3#补偿棒电位器供电状态,
BBB3_ZKF_P_COM,POE\C01\BK_COM2.GB,IN,352,32,读,,BOOL,,,VAR_EXTERNAL,GLOBAL,,3#补偿棒自整角机供电状态,
BBB3_ZKF_P_COM,POE\C01\C01V.VB,,,,,,BOOL,,,VAR_EXTERNAL,DEFINITION,,3#补偿棒自整角机供电状态,
BBB4_AC220V_EII_COM,POE\C01\BK_COM2.GB,IN,295,99,读,,BOOL,,,VAR_EXTERNAL,GLOBAL,,4#补偿棒应急AC220V II段供电状态,
BBB4_AC220V_EII_COM,POE\C01\C01V.VB,,,,,,BOOL,,,VAR_EXTERNAL,DEFINITION,,4#补偿棒应急AC220V II段供电状态,
BBB4_DC110V_EII_COM,POE\C01\BK_COM2.GB,IN,295,60,读,,BOOL,,,VAR_EXTERNAL,GLOBAL,,4#补偿棒应急DC111V II段供电状态,
BBB4_DC110V_EII_COM,POE\C01\C01V.VB,,,,,,BOOL,,,VAR_EXTERNAL,DEFINITION,,4#补偿棒应急DC111V II段供电状态,
BBB4_DJ_COM,POE\C01\BK_COM2.GB,IN,203,30,读,,BOOL,,,VAR_EXTERNAL,GLOBAL,,4#补偿棒到底部终端位置,
BBB4_DJ_COM,POE\C01\C01V.VB,,,,,,BOOL,,,VAR_EXTERNAL,DEFINITION,,4#补偿棒到底部终端位置,
BBB4_WD_P_COM,POE\C01\BK_COM2.GB,IN,359,73,读,,BOOL,,,VAR_EXTERNAL,GLOBAL,,4#补偿棒电位器供电状态,
BBB4_WD_P_COM,POE\C01\C01V.VB,,,,,,BOOL,,,VAR_EXTERNAL,DEFINITION,,4#补偿棒电位器供电状态,
BBB4_ZKF_P_COM,POE\C01\BK_COM2.GB,IN,356,32,读,,BOOL,,,VAR_EXTERNAL,GLOBAL,,4#补偿棒自整角机供电状态,
BBB4_ZKF_P_COM,POE\C01\C01V.VB,,,,,,BOOL,,,VAR_EXTERNAL,DEFINITION,,4#补偿棒自整角机供电状态,
BBB5_AC220V_EI_COM,POE\C01\BK_COM2.GB,IN,299,100,读,,BOOL,,,VAR_EXTERNAL,GLOBAL,,5#补偿棒应急AC220V I段供电状态,
BBB5_AC220V_EI_COM,POE\C01\C01V.VB,,,,,,BOOL,,,VAR_EXTERNAL,DEFINITION,,5#补偿棒应急AC220V I段供电状态,
BBB5_DC110V_EI_COM,POE\C01\BK_COM2.GB,IN,299,61,读,,BOOL,,,VAR_EXTERNAL,GLOBAL,,5#补偿棒应急DC110V I段供电状态,
BBB5_DC110V_EI_COM,POE\C01\C01V.VB,,,,,,BOOL,,,VAR_EXTERNAL,DEFINITION,,5#补偿棒应急DC110V I段供电状态,
BBB5_DJ_COM,POE\C01\BK_COM2.GB,IN,207,30,读,,BOOL,,,VAR_EXTERNAL,GLOBAL,,5#补偿棒到底部终端位置,
BBB5_DJ_COM,POE\C01\C01V.VB,,,,,,BOOL,,,VAR_EXTERNAL,DEFINITION,,5#补偿棒到底部终端位置,
BBB5_WD_P_COM,POE\C01\BK_COM2.GB,IN,363,72,读,,BOOL,,,VAR_EXTERNAL,GLOBAL,,5#补偿棒电位器供电状态,
BBB5_WD_P_COM,POE\C01\C01V.VB,,,,,,BOOL,,,VAR_EXTERNAL,DEFINITION,,5#补偿棒电位器供电状态,
BBB5_ZKF_P_COM,POE\C01\BK_COM2.GB,IN,360,31,读,,BOOL,,,VAR_EXTERNAL,GLOBAL,,5#补偿棒自整角机供电状态,
BBB5_ZKF_P_COM,POE\C01\C01V.VB,,,,,,BOOL,,,VAR_EXTERNAL,DEFINITION,,5#补偿棒自整角机供电状态,
BBB6_AC220V_EII_COM,POE\C01\BK_COM2.GB,IN,303,98,读,,BOOL,,,VAR_EXTERNAL,GLOBAL,,6#补偿棒应急AC220V II段供电状态,
BBB6_AC220V_EII_COM,POE\C01\C01V.VB,,,,,,BOOL,,,VAR_EXTERNAL,DEFINITION,,6#补偿棒应急AC220V II段供电状态,
BBB6_DC110V_EII_COM,POE\C01\BK_COM2.GB,IN,303,59,读,,BOOL,,,VAR_EXTERNAL,GLOBAL,,6#补偿棒应急DC111V II段供电状态,
BBB6_DC110V_EII_COM,POE\C01\C01V.VB,,,,,,BOOL,,,VAR_EXTERNAL,DEFINITION,,6#补偿棒应急DC111V II段供电状态,
BBB6_DJ_COM,POE\C01\BK_COM2.GB,IN,211,30,读,,BOOL,,,VAR_EXTERNAL,GLOBAL,,6#补偿棒到底部终端位置,
BBB6_DJ_COM,POE\C01\C01V.VB,,,,,,BOOL,,,VAR_EXTERNAL,DEFINITION,,6#补偿棒到底部终端位置,
BBB6_WD_P_COM,POE\C01\BK_COM2.GB,IN,367,73,读,,BOOL,,,VAR_EXTERNAL,GLOBAL,,6#补偿棒电位器供电状态,
BBB6_WD_P_COM,POE\C01\C01V.VB,,,,,,BOOL,,,VAR_EXTERNAL,DEFINITION,,6#补偿棒电位器供电状态,
BBB6_ZKF_P_COM,POE\C01\BK_COM2.GB,IN,364,32,读,,BOOL,,,VAR_EXTERNAL,GLOBAL,,6#补偿棒自整角机供电状态,
BBB6_ZKF_P_COM,POE\C01\C01V.VB,,,,,,BOOL,,,VAR_EXTERNAL,DEFINITION,,6#补偿棒自整角机供电状态,
BBB7_AC220V_EI_COM,POE\C01\BK_COM2.GB,IN,307,100,读,,BOOL,,,VAR_EXTERNAL,GLOBAL,,7#补偿棒应急AC220V I段供电状态,
BBB7_AC220V_EI_COM,POE\C01\C01V.VB,,,,,,BOOL,,,VAR_EXTERNAL,DEFINITION,,7#补偿棒应急AC220V I段供电状态,
BBB7_DC110V_EI_COM,POE\C01\BK_COM2.GB,IN,307,61,读,,BOOL,,,VAR_EXTERNAL,GLOBAL,,7#补偿棒应急DC110V I段供电状态,
BBB7_DC110V_EI_COM,POE\C01\C01V.VB,,,,,,BOOL,,,VAR_EXTERNAL,DEFINITION,,7#补偿棒应急DC110V I段供电状态,
BBB7_DJ_COM,POE\C01\BK_COM2.GB,IN,215,30,读,,BOOL,,,VAR_EXTERNAL,GLOBAL,,7#补偿棒到底部终端位置,
BBB7_DJ_COM,POE\C01\C01V.VB,,,,,,BOOL,,,VAR_EXTERNAL,DEFINITION,,7#补偿棒到底部终端位置,
BBB7_WD_P_COM,POE\C01\BK_COM2.GB,IN,371,73,读,,BOOL,,,VAR_EXTERNAL,GLOBAL,,7#补偿棒电位器供电状态,
BBB7_WD_P_COM,POE\C01\C01V.VB,,,,,,BOOL,,,VAR_EXTERNAL,DEFINITION,,7#补偿棒电位器供电状态,
BBB7_ZKF_P_COM,POE\C01\BK_COM2.GB,IN,368,32,读,,BOOL,,,VAR_EXTERNAL,GLOBAL,,7#补偿棒自整角机供电状态,
BBB7_ZKF_P_COM,POE\C01\C01V.VB,,,,,,BOOL,,,VAR_EXTERNAL,DEFINITION,,7#补偿棒自整角机供电状态,
BBB8_AC220V_EII_COM,POE\C01\BK_COM2.GB,IN,271,139,读,,BOOL,,,VAR_EXTERNAL,GLOBAL,,8#补偿棒应急AC220V II段供电状态,
BBB8_AC220V_EII_COM,POE\C01\C01V.VB,,,,,,BOOL,,,VAR_EXTERNAL,DEFINITION,,8#补偿棒应急AC220V II段供电状态,
BBB8_DC110V_EII_COM,POE\C01\BK_COM2.GB,IN,271,99,读,,BOOL,,,VAR_EXTERNAL,GLOBAL,,8#补偿棒应急DC110V II段供电状态,
BBB8_DC110V_EII_COM,POE\C01\C01V.VB,,,,,,BOOL,,,VAR_EXTERNAL,DEFINITION,,8#补偿棒应急DC110V II段供电状态,
BBB8_DJ_COM,POE\C01\BK_COM2.GB,IN,219,30,读,,BOOL,,,VAR_EXTERNAL,GLOBAL,,8#补偿棒到底部终端位置,
BBB8_DJ_COM,POE\C01\C01V.VB,,,,,,BOOL,,,VAR_EXTERNAL,DEFINITION,,8#补偿棒到底部终端位置,
BBB8_WD_P_COM,POE\C01\BK_COM2.GB,IN,375,73,读,,BOOL,,,VAR_EXTERNAL,GLOBAL,,8#补偿棒电位器供电状态,
BBB8_WD_P_COM,POE\C01\C01V.VB,,,,,,BOOL,,,VAR_EXTERNAL,DEFINITION,,8#补偿棒电位器供电状态,
BBB8_ZKF_P_COM,POE\C01\BK_COM2.GB,IN,372,32,读,,BOOL,,,VAR_EXTERNAL,GLOBAL,,8#补偿棒自整角机供电状态,
BBB8_ZKF_P_COM,POE\C01\C01V.VB,,,,,,BOOL,,,VAR_EXTERNAL,DEFINITION,,8#补偿棒自整角机供电状态,
BBB9_AC220V_EI_COM,POE\C01\BK_COM2.GB,IN,275,140,读,,BOOL,,,VAR_EXTERNAL,GLOBAL,,9#补偿棒应急AC220V I段供电状态,
BBB9_AC220V_EI_COM,POE\C01\C01V.VB,,,,,,BOOL,,,VAR_EXTERNAL,DEFINITION,,9#补偿棒应急AC220V I段供电状态,
BBB9_DC110V_EI_COM,POE\C01\BK_COM2.GB,IN,275,100,读,,BOOL,,,VAR_EXTERNAL,GLOBAL,,9#补偿棒应急DC110V I段供电状态,
BBB9_DC110V_EI_COM,POE\C01\C01V.VB,,,,,,BOOL,,,VAR_EXTERNAL,DEFINITION,,9#补偿棒应急DC110V I段供电状态,
BBB9_DJ_COM,POE\C01\BK_COM2.GB,IN,223,30,读,,BOOL,,,VAR_EXTERNAL,GLOBAL,,9#补偿棒到底部终端位置,
BBB9_DJ_COM,POE\C01\C01V.VB,,,,,,BOOL,,,VAR_EXTERNAL,DEFINITION,,9#补偿棒到底部终端位置,
BBB9_WD_P_COM,POE\C01\BK_COM2.GB,IN,379,72,读,,BOOL,,,VAR_EXTERNAL,GLOBAL,,9#补偿棒电位器供电状态,
BBB9_WD_P_COM,POE\C01\C01V.VB,,,,,,BOOL,,,VAR_EXTERNAL,DEFINITION,,9#补偿棒电位器供电状态,
BBB9_ZKF_P_COM,POE\C01\BK_COM2.GB,IN,376,31,读,,BOOL,,,VAR_EXTERNAL,GLOBAL,,9#补偿棒自整角机供电状态,
BBB9_ZKF_P_COM,POE\C01\C01V.VB,,,,,,BOOL,,,VAR_EXTERNAL,DEFINITION,,9#补偿棒自整角机供电状态,
BDCS_P_SET1,POE\C01\BK_COM2.GB,OUT,27,80,写,,WORD,,,VAR_EXTERNAL,GLOBAL,,功率定值低位,
BDCS_P_SET1,POE\C01\C01V.VB,,,,,,WORD,,,VAR_EXTERNAL,DEFINITION,,功率定值低位,
BDCS_P_SET2,POE\C01\BK_COM2.GB,OUT,43,80,写,,WORD,,,VAR_EXTERNAL,GLOBAL,,功率定值高位,
BDCS_P_SET2,POE\C01\C01V.VB,,,,,,WORD,,,VAR_EXTERNAL,DEFINITION,,功率定值高位,
BDCS_P_SET_DW,POE\C01\BK_COM2.GB,IN,43,12,读,,DWORD,,,VAR_EXTERNAL,GLOBAL,,功率定值,
BDCS_P_SET_DW,POE\C01\C01V.VB,,,,,,DWORD,,,VAR_EXTERNAL,DEFINITION,,功率定值,
BDCS_READY_COM,POE\C01\BK_COM2.GB,IN,161,257,读,,BOOL,,,VAR_EXTERNAL,GLOBAL,,监控系统准备好,
BDCS_READY_COM,POE\C01\BK_COM2.GB,IN,273,261,读,,BOOL,,,VAR_EXTERNAL,GLOBAL,,监控系统准备好,
BDCS_READY_COM,POE\C01\BK_COM2.GB,IN,220,258,读,,BOOL,,,VAR_EXTERNAL,GLOBAL,,监控系统准备好,
BDCS_READY_COM,POE\C01\C01V.VB,,,,,,BOOL,,,VAR_EXTERNAL,DEFINITION,,监控系统准备好,
BDCS_T_LMT,POE\C01\BK_COM2.GB,OUT,91,174,写,,UINT,,,VAR_EXTERNAL,GLOBAL,,限制周期,
BDCS_T_LMT,POE\C01\BK_COM2.GB,OUT,73,176,写,,UINT,,,VAR_EXTERNAL,GLOBAL,,限制周期,
BDCS_T_LMT,POE\C01\BK_COM2.GB,OUT,143,176,写,,UINT,,,VAR_EXTERNAL,GLOBAL,,限制周期,
BDCS_T_LMT,POE\C01\BK_COM2.GB,OUT,117,175,写,,UINT,,,VAR_EXTERNAL,GLOBAL,,限制周期,
BDCS_T_LMT,POE\C01\C01V.VB,,,,,,UINT,,,VAR_EXTERNAL,DEFINITION,,限制周期,
BDCS_T_LMT_C,POE\C01\BK_COM2.GB,IN,113,18,读,,WORD,,,VAR_EXTERNAL,GLOBAL,,KC,
BDCS_T_LMT_C,POE\C01\C01V.VB,,,,,,WORD,,,VAR_EXTERNAL,DEFINITION,,KC,
BDCS_T_LMT_S,POE\C01\BK_COM2.GB,OUT,117,53,写,,DWORD,,,VAR_EXTERNAL,GLOBAL,,KC,
BDCS_T_LMT_S,POE\C01\C01V.VB,,,,,,DWORD,,,VAR_EXTERNAL,DEFINITION,,KC,
BFAN1_ERR_COM,POE\C01\BK_COM2.GB,IN,282,28,读,,BOOL,,,VAR_EXTERNAL,GLOBAL,,控制柜I风扇故障,
BFAN1_ERR_COM,POE\C01\C01V.VB,,,,,,BOOL,,,VAR_EXTERNAL,DEFINITION,,控制柜I风扇故障,
BFAN2_ERR_COM,POE\C01\BK_COM2.GB,IN,306,28,读,,BOOL,,,VAR_EXTERNAL,GLOBAL,,控制柜II风扇故障,
BFAN2_ERR_COM,POE\C01\C01V.VB,,,,,,BOOL,,,VAR_EXTERNAL,DEFINITION,,控制柜II风扇故障,
BHCP_1,POE\C01\C01V.VB,,,,,,REAL,,,VAR_EXTERNAL,DEFINITION,,1区热管位置,
BHCP_1,POE\C01\YXFX_COM4.GB,IN,316,115,读,,REAL,,,VAR_EXTERNAL,GLOBAL,,1区热管位置,
BHCP_1_COM,POE\C01\C01V.VB,,,,,,REAL,,,VAR_EXTERNAL,DEFINITION,,Hot Channel Position in Zone 1,
BHCP_1_COM,POE\C01\YXFX_COM4.GB,OUT,330,184,写,,REAL,,,VAR_EXTERNAL,GLOBAL,,Hot Channel Position in Zone 1,
BHCP_2_COM,POE\C01\C01V.VB,,,,,,REAL,,,VAR_EXTERNAL,DEFINITION,,Hot Channel Position in Zone 2,
BHCP_2_COM,POE\C01\YXFX_COM4.GB,OUT,346,184,写,,REAL,,,VAR_EXTERNAL,GLOBAL,,Hot Channel Position in Zone 2,
BHCP_COM,POE\C01\C01V.VB,,,,,,REAL,,,VAR_EXTERNAL,DEFINITION,,HCP_1读出是2个WORD包括HCP_1和HCP_2,
BHCP_COM,POE\C01\YXFX_COM4.GB,OUT,316,127,写,,REAL,,,VAR_EXTERNAL,GLOBAL,,HCP_1读出是2个WORD包括HCP_1和HCP_2,
BHCP_DW,POE\C01\C01V.VB,,,,,,DWORD,,,VAR_EXTERNAL,DEFINITION,,REAL读成DWORD,
BHCP_DW,POE\C01\YXFX_COM4.GB,IN,346,104,读,,DWORD,,,VAR_EXTERNAL,GLOBAL,,REAL读成DWORD,
BK_AUTO,POE\C01\BK_COM2.GB,OUT,101,282,写,,BOOL,,,VAR_EXTERNAL,GLOBAL,,调节棒棒位在自动调节范围内,
BK_AUTO,POE\C01\BK_COM2.GB,IN,277,268,读,,BOOL,,,VAR_EXTERNAL,GLOBAL,,调节棒棒位在自动调节范围内,
BK_AUTO,POE\C01\C01V.VB,,,,,,BOOL,,,VAR_EXTERNAL,DEFINITION,,调节棒棒位在自动调节范围内,
BK_AUTO_OK,POE\C01\BK_COM2.GB,OUT,249,300,写,,BOOL,,,VAR_EXTERNAL,GLOBAL,,调节棒投入自动调节条件,
BK_AUTO_OK,POE\C01\C01V.VB,,,,,,BOOL,,,VAR_EXTERNAL,DEFINITION,,调节棒投入自动调节条件,
BK_BOTTOM,POE\C01\BK_COM2.GB,OUT,191,56,写,,BOOL,,,VAR_EXTERNAL,GLOBAL,,所有补偿棒和调节棒均处于底部终端位置,
BK_BOTTOM,POE\C01\BK_COM2.GB,IN,137,262,读,,BOOL,,,VAR_EXTERNAL,GLOBAL,,所有补偿棒和调节棒均处于底部终端位置,
BK_BOTTOM,POE\C01\C01V.VB,,,,,,BOOL,,,VAR_EXTERNAL,DEFINITION,,所有补偿棒和调节棒均处于底部终端位置,
BK_FORBIT,POE\C01\BK_COM2.GB,OUT,146,320,写,,BOOL,,,VAR_EXTERNAL,GLOBAL,,安全棒提升禁止,
BK_FORBIT,POE\C01\C01V.VB,,,,,,BOOL,,,VAR_EXTERNAL,DEFINITION,,安全棒提升禁止,
BK_MAN_OK,POE\C01\BK_COM2.GB,OUT,196,297,写,,BOOL,,,VAR_EXTERNAL,GLOBAL,,调节棒/补偿棒手动提升条件,
BK_MAN_OK,POE\C01\C01V.VB,,,,,,BOOL,,,VAR_EXTERNAL,DEFINITION,,调节棒/补偿棒手动提升条件,
BK_PA_OK,POE\C01\BK_COM2.GB,OUT,23,279,写,,BOOL,,,VAR_EXTERNAL,GLOBAL,,调节棒功率放大器正常,
BK_PA_OK,POE\C01\BK_COM2.GB,IN,149,262,读,,BOOL,,,VAR_EXTERNAL,GLOBAL,,调节棒功率放大器正常,
BK_PA_OK,POE\C01\BK_COM2.GB,IN,261,266,读,,BOOL,,,VAR_EXTERNAL,GLOBAL,,调节棒功率放大器正常,
BK_PA_OK,POE\C01\BK_COM2.GB,IN,208,263,读,,BOOL,,,VAR_EXTERNAL,GLOBAL,,调节棒功率放大器正常,
BK_PA_OK,POE\C01\C01V.VB,,,,,,BOOL,,,VAR_EXTERNAL,DEFINITION,,调节棒功率放大器正常,
BK_PERMIT,POE\C01\BK_COM2.GB,OUT,137,296,写,,BOOL,,,VAR_EXTERNAL,GLOBAL,,安全棒提升允许,
BK_PERMIT,POE\C01\C01V.VB,,,,,,BOOL,,,VAR_EXTERNAL,DEFINITION,,安全棒提升允许,
BK_PSTN_OK,POE\C01\BK_COM2.GB,IN,145,261,读,,BOOL,,,VAR_EXTERNAL,GLOBAL,,棒位指示正常,
BK_PSTN_OK,POE\C01\BK_COM2.GB,IN,257,265,读,,BOOL,,,VAR_EXTERNAL,GLOBAL,,棒位指示正常,
BK_PSTN_OK,POE\C01\BK_COM2.GB,IN,204,262,读,,BOOL,,,VAR_EXTERNAL,GLOBAL,,棒位指示正常,
BK_PSTN_OK,POE\C01\BK_COM2.GB,OUT,346,150,写,,BOOL,,,VAR_EXTERNAL,GLOBAL,,棒位指示正常,
BK_PSTN_OK,POE\C01\C01V.VB,,,,,,BOOL,,,VAR_EXTERNAL,DEFINITION,,棒位指示正常,
BK_PWR_OK,POE\C01\BK_COM2.GB,IN,141,262,读,,BOOL,,,VAR_EXTERNAL,GLOBAL,,棒控系统所有电源正常,
BK_PWR_OK,POE\C01\BK_COM2.GB,IN,200,263,读,,BOOL,,,VAR_EXTERNAL,GLOBAL,,棒控系统所有电源正常,
BK_PWR_OK,POE\C01\BK_COM2.GB,IN,253,266,读,,BOOL,,,VAR_EXTERNAL,GLOBAL,,棒控系统所有电源正常,
BK_PWR_OK,POE\C01\BK_COM2.GB,OUT,267,218,写,,BOOL,,,VAR_EXTERNAL,GLOBAL,,棒控系统所有电源正常,
BK_PWR_OK,POE\C01\C01V.VB,,,,,,BOOL,,,VAR_EXTERNAL,DEFINITION,,棒控系统所有电源正常,
BK_SYS_OK,POE\C01\BK_COM2.GB,OUT,308,290,写,,BOOL,,,VAR_EXTERNAL,GLOBAL,,系统准备好,
BK_SYS_OK,POE\C01\C01V.VB,,,,,,BOOL,,,VAR_EXTERNAL,DEFINITION,,系统准备好,
BK_TOP,POE\C01\BK_COM2.GB,OUT,66,283,写,,BOOL,,,VAR_EXTERNAL,GLOBAL,,两根安全棒均处于上部终端位置,
BK_TOP,POE\C01\BK_COM2.GB,IN,196,266,读,,BOOL,,,VAR_EXTERNAL,GLOBAL,,两根安全棒均处于上部终端位置,
BK_TOP,POE\C01\BK_COM2.GB,IN,249,269,读,,BOOL,,,VAR_EXTERNAL,GLOBAL,,两根安全棒均处于上部终端位置,
BK_TOP,POE\C01\C01V.VB,,,,,,BOOL,,,VAR_EXTERNAL,DEFINITION,,两根安全棒均处于上部终端位置,
BNMS_NORMAL_COM,POE\C01\BK_COM2.GB,IN,153,255,读,,BOOL,,,VAR_EXTERNAL,GLOBAL,,核测系统正常,
BNMS_NORMAL_COM,POE\C01\BK_COM2.GB,IN,212,256,读,,BOOL,,,VAR_EXTERNAL,GLOBAL,,核测系统正常,
BNMS_NORMAL_COM,POE\C01\BK_COM2.GB,IN,265,259,读,,BOOL,,,VAR_EXTERNAL,GLOBAL,,核测系统正常,
BNMS_NORMAL_COM,POE\C01\C01V.VB,,,,,,BOOL,,,VAR_EXTERNAL,DEFINITION,,核测系统正常,
BPN_DW,POE\C01\C01V.VB,,,,,,DWORD,,,VAR_EXTERNAL,DEFINITION,,Total Nuclear Power,
BPN_DW,POE\C01\YXFX_COM3.GB,IN,230,282,读,,DWORD,,,VAR_EXTERNAL,GLOBAL,,Total Nuclear Power,
BPN_H,POE\C01\C01V.VB,,,,,,WORD,,,VAR_EXTERNAL,DEFINITION,,反应堆核功率,
BPN_H,POE\C01\YXFX_COM3.GB,OUT,230,343,写,,WORD,,,VAR_EXTERNAL,GLOBAL,,反应堆核功率,
BPN_L,POE\C01\C01V.VB,,,,,,WORD,,,VAR_EXTERNAL,DEFINITION,,反应堆核功率,
BPN_L,POE\C01\YXFX_COM3.GB,OUT,214,343,写,,WORD,,,VAR_EXTERNAL,GLOBAL,,反应堆核功率,
BPs_DW,POE\C01\C01V.VB,,,,,,DWORD,,,VAR_EXTERNAL,DEFINITION,,Reactor Helium Pressure,
BPs_DW,POE\C01\YXFX_COM2.GB,IN,40,22,读,,DWORD,,,VAR_EXTERNAL,GLOBAL,,Reactor Helium Pressure,
BPs_H,POE\C01\C01V.VB,,,,,,WORD,,,VAR_EXTERNAL,DEFINITION,,反应堆氦气压力,
BPs_H,POE\C01\YXFX_COM2.GB,OUT,40,83,写,,WORD,,,VAR_EXTERNAL,GLOBAL,,反应堆氦气压力,
BPs_L,POE\C01\C01V.VB,,,,,,WORD,,,VAR_EXTERNAL,DEFINITION,,反应堆氦气压力,
BPs_L,POE\C01\YXFX_COM2.GB,OUT,24,83,写,,WORD,,,VAR_EXTERNAL,GLOBAL,,反应堆氦气压力,
BPW_DW,POE\C01\C01V.VB,,,,,,DWORD,,,VAR_EXTERNAL,DEFINITION,,Total Thermal Power,
BPW_DW,POE\C01\YXFX_COM3.GB,IN,263,282,读,,DWORD,,,VAR_EXTERNAL,GLOBAL,,Total Thermal Power,
BPW_H,POE\C01\C01V.VB,,,,,,WORD,,,VAR_EXTERNAL,DEFINITION,,反应堆热功率,
BPW_H,POE\C01\YXFX_COM3.GB,OUT,263,343,写,,WORD,,,VAR_EXTERNAL,GLOBAL,,反应堆热功率,
BPW_L,POE\C01\C01V.VB,,,,,,WORD,,,VAR_EXTERNAL,DEFINITION,,反应堆热功率,
BPW_L,POE\C01\YXFX_COM3.GB,OUT,247,343,写,,WORD,,,VAR_EXTERNAL,GLOBAL,,反应堆热功率,
BPWR1_AC220_OK_COM,POE\C01\BK_COM2.GB,IN,279,185,读,,BOOL,,,VAR_EXTERNAL,GLOBAL,,进线柜I应急AC220V有电1,
BPWR1_AC220_OK_COM,POE\C01\C01V.VB,,,,,,BOOL,,,VAR_EXTERNAL,DEFINITION,,进线柜I应急AC220V有电1,
BPWR1_AC380_OK_COM,POE\C01\BK_COM2.GB,IN,287,185,读,,BOOL,,,VAR_EXTERNAL,GLOBAL,,进线柜I应急AC380V有电1,
BPWR1_AC380_OK_COM,POE\C01\C01V.VB,,,,,,BOOL,,,VAR_EXTERNAL,DEFINITION,,进线柜I应急AC380V有电1,
BPWR1_DC110_OK_COM,POE\C01\BK_COM2.GB,IN,271,185,读,,BOOL,,,VAR_EXTERNAL,GLOBAL,,进线柜I应急DC110V有电1,
BPWR1_DC110_OK_COM,POE\C01\C01V.VB,,,,,,BOOL,,,VAR_EXTERNAL,DEFINITION,,进线柜I应急DC110V有电1,
BPWR2_AC220_OK_COM,POE\C01\BK_COM2.GB,IN,283,184,读,,BOOL,,,VAR_EXTERNAL,GLOBAL,,进线柜II应急AC220V有电2,
BPWR2_AC220_OK_COM,POE\C01\C01V.VB,,,,,,BOOL,,,VAR_EXTERNAL,DEFINITION,,进线柜II应急AC220V有电2,
BPWR2_AC380_OK_COM,POE\C01\BK_COM2.GB,IN,291,185,读,,BOOL,,,VAR_EXTERNAL,GLOBAL,,进线柜II应急AC380V有电2,
BPWR2_AC380_OK_COM,POE\C01\C01V.VB,,,,,,BOOL,,,VAR_EXTERNAL,DEFINITION,,进线柜II应急AC380V有电2,
BPWR2_DC110_OK_COM,POE\C01\BK_COM2.GB,IN,275,185,读,,BOOL,,,VAR_EXTERNAL,GLOBAL,,进线柜II应急DC110V有电2,
BPWR2_DC110_OK_COM,POE\C01\C01V.VB,,,,,,BOOL,,,VAR_EXTERNAL,DEFINITION,,进线柜II应急DC110V有电2,
Bq_mt_DW,POE\C01\C01V.VB,,,,,,DWORD,,,VAR_EXTERNAL,DEFINITION,,Total Coolant Flow,
Bq_mt_DW,POE\C01\YXFX_COM3.GB,IN,197,280,读,,DWORD,,,VAR_EXTERNAL,GLOBAL,,Total Coolant Flow,
Bq_mt_H,POE\C01\C01V.VB,,,,,,WORD,,,VAR_EXTERNAL,DEFINITION,,反应堆重水总流量,
Bq_mt_H,POE\C01\YXFX_COM3.GB,OUT,197,343,写,,WORD,,,VAR_EXTERNAL,GLOBAL,,反应堆重水总流量,
Bq_mt_L,POE\C01\C01V.VB,,,,,,WORD,,,VAR_EXTERNAL,DEFINITION,,反应堆重水总流量,
Bq_mt_L,POE\C01\YXFX_COM3.GB,OUT,181,343,写,,WORD,,,VAR_EXTERNAL,GLOBAL,,反应堆重水总流量,
Bq_p_A_DW,POE\C01\C01V.VB,,,,,,DWORD,,,VAR_EXTERNAL,DEFINITION,,Primary Side Flow of Heat Exchanger A,
Bq_p_A_DW,POE\C01\YXFX_COM4.GB,IN,59,102,读,,DWORD,,,VAR_EXTERNAL,GLOBAL,,Primary Side Flow of Heat Exchanger A,
Bq_p_A_H,POE\C01\C01V.VB,,,,,,WORD,,,VAR_EXTERNAL,DEFINITION,,主换热器A的一次侧流量,
Bq_p_A_H,POE\C01\YXFX_COM4.GB,OUT,59,166,写,,WORD,,,VAR_EXTERNAL,GLOBAL,,主换热器A的一次侧流量,
Bq_p_A_L,POE\C01\C01V.VB,,,,,,WORD,,,VAR_EXTERNAL,DEFINITION,,主换热器A的一次侧流量,
Bq_p_A_L,POE\C01\YXFX_COM4.GB,OUT,43,166,写,,WORD,,,VAR_EXTERNAL,GLOBAL,,主换热器A的一次侧流量,
Bq_p_B_DW,POE\C01\C01V.VB,,,,,,DWORD,,,VAR_EXTERNAL,DEFINITION,,Primary Side Flow of Heat Exchanger B,
Bq_p_B_DW,POE\C01\YXFX_COM4.GB,IN,94,102,读,,DWORD,,,VAR_EXTERNAL,GLOBAL,,Primary Side Flow of Heat Exchanger B,
Bq_p_B_H,POE\C01\C01V.VB,,,,,,WORD,,,VAR_EXTERNAL,DEFINITION,,主换热器B的一次侧流量,
Bq_p_B_H,POE\C01\YXFX_COM4.GB,OUT,94,166,写,,WORD,,,VAR_EXTERNAL,GLOBAL,,主换热器B的一次侧流量,
Bq_p_B_L,POE\C01\C01V.VB,,,,,,WORD,,,VAR_EXTERNAL,DEFINITION,,主换热器B的一次侧流量,
Bq_p_B_L,POE\C01\YXFX_COM4.GB,OUT,78,166,写,,WORD,,,VAR_EXTERNAL,GLOBAL,,主换热器B的一次侧流量,
Bq_p_C_DW,POE\C01\C01V.VB,,,,,,DWORD,,,VAR_EXTERNAL,DEFINITION,,Primary Side Flow of Heat Exchanger C,
Bq_p_C_DW,POE\C01\YXFX_COM4.GB,IN,127,102,读,,DWORD,,,VAR_EXTERNAL,GLOBAL,,Primary Side Flow of Heat Exchanger C,
Bq_p_C_H,POE\C01\C01V.VB,,,,,,WORD,,,VAR_EXTERNAL,DEFINITION,,主换热器C的一次侧流量,
Bq_p_C_H,POE\C01\YXFX_COM4.GB,OUT,127,166,写,,WORD,,,VAR_EXTERNAL,GLOBAL,,主换热器C的一次侧流量,
Bq_p_C_L,POE\C01\C01V.VB,,,,,,WORD,,,VAR_EXTERNAL,DEFINITION,,主换热器C的一次侧流量,
Bq_p_C_L,POE\C01\YXFX_COM4.GB,OUT,111,166,写,,WORD,,,VAR_EXTERNAL,GLOBAL,,主换热器C的一次侧流量,
Bq_p_D_DW,POE\C01\C01V.VB,,,,,,DWORD,,,VAR_EXTERNAL,DEFINITION,,Primary Side Flow of Heat Exchanger D,
Bq_p_D_DW,POE\C01\YXFX_COM4.GB,IN,160,102,读,,DWORD,,,VAR_EXTERNAL,GLOBAL,,Primary Side Flow of Heat Exchanger D,
Bq_p_D_H,POE\C01\C01V.VB,,,,,,WORD,,,VAR_EXTERNAL,DEFINITION,,主换热器D的一次侧流量,
Bq_p_D_H,POE\C01\YXFX_COM4.GB,OUT,160,166,写,,WORD,,,VAR_EXTERNAL,GLOBAL,,主换热器D的一次侧流量,
Bq_p_D_L,POE\C01\C01V.VB,,,,,,WORD,,,VAR_EXTERNAL,DEFINITION,,主换热器D的一次侧流量,
Bq_p_D_L,POE\C01\YXFX_COM4.GB,OUT,144,166,写,,WORD,,,VAR_EXTERNAL,GLOBAL,,主换热器D的一次侧流量,
Bq_s_A_DW,POE\C01\C01V.VB,,,,,,DWORD,,,VAR_EXTERNAL,DEFINITION,,Secondary Side Flow of Heat Exchanger A,
Bq_s_A_DW,POE\C01\YXFX_COM4.GB,IN,193,102,读,,DWORD,,,VAR_EXTERNAL,GLOBAL,,Secondary Side Flow of Heat Exchanger A,
Bq_s_A_H,POE\C01\C01V.VB,,,,,,WORD,,,VAR_EXTERNAL,DEFINITION,,主换热器A的二次侧流量,
Bq_s_A_H,POE\C01\YXFX_COM4.GB,OUT,193,166,写,,WORD,,,VAR_EXTERNAL,GLOBAL,,主换热器A的二次侧流量,
Bq_s_A_L,POE\C01\C01V.VB,,,,,,WORD,,,VAR_EXTERNAL,DEFINITION,,主换热器A的二次侧流量,
Bq_s_A_L,POE\C01\YXFX_COM4.GB,OUT,177,166,写,,WORD,,,VAR_EXTERNAL,GLOBAL,,主换热器A的二次侧流量,
Bq_s_B_DW,POE\C01\C01V.VB,,,,,,DWORD,,,VAR_EXTERNAL,DEFINITION,,Secondary Side Flow of Heat Exchanger B,
Bq_s_B_DW,POE\C01\YXFX_COM4.GB,IN,226,102,读,,DWORD,,,VAR_EXTERNAL,GLOBAL,,Secondary Side Flow of Heat Exchanger B,
Bq_s_B_H,POE\C01\C01V.VB,,,,,,WORD,,,VAR_EXTERNAL,DEFINITION,,主换热器B的二次侧流量,
Bq_s_B_H,POE\C01\YXFX_COM4.GB,OUT,226,166,写,,WORD,,,VAR_EXTERNAL,GLOBAL,,主换热器B的二次侧流量,
Bq_s_B_L,POE\C01\C01V.VB,,,,,,WORD,,,VAR_EXTERNAL,DEFINITION,,主换热器B的二次侧流量,
Bq_s_B_L,POE\C01\YXFX_COM4.GB,OUT,210,166,写,,WORD,,,VAR_EXTERNAL,GLOBAL,,主换热器B的二次侧流量,
Bq_s_C_DW,POE\C01\C01V.VB,,,,,,DWORD,,,VAR_EXTERNAL,DEFINITION,,Secondary Side Flow of Heat Exchanger C,
Bq_s_C_DW,POE\C01\YXFX_COM4.GB,IN,259,102,读,,DWORD,,,VAR_EXTERNAL,GLOBAL,,Secondary Side Flow of Heat Exchanger C,
Bq_s_C_H,POE\C01\C01V.VB,,,,,,WORD,,,VAR_EXTERNAL,DEFINITION,,主换热器C的二次侧流量,
Bq_s_C_H,POE\C01\YXFX_COM4.GB,OUT,259,166,写,,WORD,,,VAR_EXTERNAL,GLOBAL,,主换热器C的二次侧流量,
Bq_s_C_L,POE\C01\C01V.VB,,,,,,WORD,,,VAR_EXTERNAL,DEFINITION,,主换热器C的二次侧流量,
Bq_s_C_L,POE\C01\YXFX_COM4.GB,OUT,243,166,写,,WORD,,,VAR_EXTERNAL,GLOBAL,,主换热器C的二次侧流量,
Bq_s_D_DW,POE\C01\C01V.VB,,,,,,DWORD,,,VAR_EXTERNAL,DEFINITION,,Secondary Side Flow of Heat Exchanger D,
Bq_s_D_DW,POE\C01\YXFX_COM4.GB,IN,292,102,读,,DWORD,,,VAR_EXTERNAL,GLOBAL,,Secondary Side Flow of Heat Exchanger D,
Bq_s_D_H,POE\C01\C01V.VB,,,,,,WORD,,,VAR_EXTERNAL,DEFINITION,,主换热器D的二次侧流量,
Bq_s_D_H,POE\C01\YXFX_COM4.GB,OUT,292,166,写,,WORD,,,VAR_EXTERNAL,GLOBAL,,主换热器D的二次侧流量,
Bq_s_D_L,POE\C01\C01V.VB,,,,,,WORD,,,VAR_EXTERNAL,DEFINITION,,主换热器D的二次侧流量,
Bq_s_D_L,POE\C01\YXFX_COM4.GB,OUT,276,166,写,,WORD,,,VAR_EXTERNAL,GLOBAL,,主换热器D的二次侧流量,
BReady1,POE\C01\BK_COM2.GB,IN,308,268,读,,BOOL,,,VAR_EXTERNAL,GLOBAL,,“开堆准备好”信号1输出至停堆柜,
BReady1,POE\C01\C01V.VB,,,,,,BOOL,,,VAR_EXTERNAL,DEFINITION,,“开堆准备好”信号1输出至停堆柜,
BReady2,POE\C01\BK_COM2.GB,IN,312,268,读,,BOOL,,,VAR_EXTERNAL,GLOBAL,,“开堆准备好”信号2输出至停堆柜,
BReady2,POE\C01\C01V.VB,,,,,,BOOL,,,VAR_EXTERNAL,DEFINITION,,“开堆准备好”信号2输出至停堆柜,
BRPS_RDY_COM,POE\C01\BK_COM2.GB,IN,157,258,读,,BOOL,,,VAR_EXTERNAL,GLOBAL,,保护系统准备好,
BRPS_RDY_COM,POE\C01\BK_COM2.GB,IN,216,259,读,,BOOL,,,VAR_EXTERNAL,GLOBAL,,保护系统准备好,
BRPS_RDY_COM,POE\C01\BK_COM2.GB,IN,269,262,读,,BOOL,,,VAR_EXTERNAL,GLOBAL,,保护系统准备好,
BRPS_RDY_COM,POE\C01\C01V.VB,,,,,,BOOL,,,VAR_EXTERNAL,DEFINITION,,保护系统准备好,
Bt_1i_A_DW,POE\C01\C01V.VB,,,,,,DWORD,,,VAR_EXTERNAL,DEFINITION,,Primary Side Inlet Temperature of Heat Exchanger A,
Bt_1i_A_DW,POE\C01\YXFX_COM3.GB,IN,330,278,读,,DWORD,,,VAR_EXTERNAL,GLOBAL,,Primary Side Inlet Temperature of Heat Exchanger A,
Bt_1i_A_H,POE\C01\C01V.VB,,,,,,WORD,,,VAR_EXTERNAL,DEFINITION,,主换热器A的一次侧进口温度,
Bt_1i_A_H,POE\C01\YXFX_COM3.GB,OUT,330,343,写,,WORD,,,VAR_EXTERNAL,GLOBAL,,主换热器A的一次侧进口温度,
Bt_1i_A_L,POE\C01\C01V.VB,,,,,,WORD,,,VAR_EXTERNAL,DEFINITION,,主换热器A的一次侧进口温度,
Bt_1i_A_L,POE\C01\YXFX_COM3.GB,OUT,314,343,写,,WORD,,,VAR_EXTERNAL,GLOBAL,,主换热器A的一次侧进口温度,
Bt_1i_B_DW,POE\C01\C01V.VB,,,,,,DWORD,,,VAR_EXTERNAL,DEFINITION,,Primary Side Inlet Temperature of Heat Exchanger B,
Bt_1i_B_DW,POE\C01\YXFX_COM4.GB,IN,25,10,读,,DWORD,,,VAR_EXTERNAL,GLOBAL,,Primary Side Inlet Temperature of Heat Exchanger B,
Bt_1i_B_H,POE\C01\C01V.VB,,,,,,WORD,,,VAR_EXTERNAL,DEFINITION,,主换热器B的一次侧进口温度,
Bt_1i_B_H,POE\C01\YXFX_COM4.GB,OUT,25,75,写,,WORD,,,VAR_EXTERNAL,GLOBAL,,主换热器B的一次侧进口温度,
Bt_1i_B_L,POE\C01\C01V.VB,,,,,,WORD,,,VAR_EXTERNAL,DEFINITION,,主换热器B的一次侧进口温度,
Bt_1i_B_L,POE\C01\YXFX_COM4.GB,OUT,9,75,写,,WORD,,,VAR_EXTERNAL,GLOBAL,,主换热器B的一次侧进口温度,
Bt_1i_C_DW,POE\C01\C01V.VB,,,,,,DWORD,,,VAR_EXTERNAL,DEFINITION,,Primary Side Inlet Temperature of Heat Exchanger C,
Bt_1i_C_DW,POE\C01\YXFX_COM4.GB,IN,59,10,读,,DWORD,,,VAR_EXTERNAL,GLOBAL,,Primary Side Inlet Temperature of Heat Exchanger C,
Bt_1i_C_H,POE\C01\C01V.VB,,,,,,WORD,,,VAR_EXTERNAL,DEFINITION,,主换热器C的一次侧进口温度,
Bt_1i_C_H,POE\C01\YXFX_COM4.GB,OUT,59,75,写,,WORD,,,VAR_EXTERNAL,GLOBAL,,主换热器C的一次侧进口温度,
Bt_1i_C_L,POE\C01\C01V.VB,,,,,,WORD,,,VAR_EXTERNAL,DEFINITION,,主换热器C的一次侧进口温度,
Bt_1i_C_L,POE\C01\YXFX_COM4.GB,OUT,43,75,写,,WORD,,,VAR_EXTERNAL,GLOBAL,,主换热器C的一次侧进口温度,
Bt_1i_D_DW,POE\C01\C01V.VB,,,,,,DWORD,,,VAR_EXTERNAL,DEFINITION,,Primary Side Inlet Temperature of Heat Exchanger D,
Bt_1i_D_DW,POE\C01\YXFX_COM4.GB,IN,94,10,读,,DWORD,,,VAR_EXTERNAL,GLOBAL,,Primary Side Inlet Temperature of Heat Exchanger D,
Bt_1i_D_H,POE\C01\C01V.VB,,,,,,WORD,,,VAR_EXTERNAL,DEFINITION,,主换热器D的一次侧进口温度,
Bt_1i_D_H,POE\C01\YXFX_COM4.GB,OUT,94,75,写,,WORD,,,VAR_EXTERNAL,GLOBAL,,主换热器D的一次侧进口温度,
Bt_1i_D_L,POE\C01\C01V.VB,,,,,,WORD,,,VAR_EXTERNAL,DEFINITION,,主换热器D的一次侧进口温度,
Bt_1i_D_L,POE\C01\YXFX_COM4.GB,OUT,78,75,写,,WORD,,,VAR_EXTERNAL,GLOBAL,,主换热器D的一次侧进口温度,
Bt_1o_A_DW,POE\C01\C01V.VB,,,,,,DWORD,,,VAR_EXTERNAL,DEFINITION,,Primary Side Outlet Temperature of Heat Exchanger A,
Bt_1o_A_DW,POE\C01\YXFX_COM4.GB,IN,127,10,读,,DWORD,,,VAR_EXTERNAL,GLOBAL,,Primary Side Outlet Temperature of Heat Exchanger A,
Bt_1o_A_H,POE\C01\C01V.VB,,,,,,WORD,,,VAR_EXTERNAL,DEFINITION,,主换热器A的一次侧出口温度,
Bt_1o_A_H,POE\C01\YXFX_COM4.GB,OUT,127,75,写,,WORD,,,VAR_EXTERNAL,GLOBAL,,主换热器A的一次侧出口温度,
Bt_1o_A_L,POE\C01\C01V.VB,,,,,,WORD,,,VAR_EXTERNAL,DEFINITION,,主换热器A的一次侧出口温度,
Bt_1o_A_L,POE\C01\YXFX_COM4.GB,OUT,111,75,写,,WORD,,,VAR_EXTERNAL,GLOBAL,,主换热器A的一次侧出口温度,
Bt_1o_B_DW,POE\C01\C01V.VB,,,,,,DWORD,,,VAR_EXTERNAL,DEFINITION,,Primary Side Outlet Temperature of Heat Exchanger B,
Bt_1o_B_DW,POE\C01\YXFX_COM4.GB,IN,160,10,读,,DWORD,,,VAR_EXTERNAL,GLOBAL,,Primary Side Outlet Temperature of Heat Exchanger B,
Bt_1o_B_H,POE\C01\C01V.VB,,,,,,WORD,,,VAR_EXTERNAL,DEFINITION,,主换热器B的一次侧出口温度,
Bt_1o_B_H,POE\C01\YXFX_COM4.GB,OUT,160,75,写,,WORD,,,VAR_EXTERNAL,GLOBAL,,主换热器B的一次侧出口温度,
Bt_1o_B_L,POE\C01\C01V.VB,,,,,,WORD,,,VAR_EXTERNAL,DEFINITION,,主换热器B的一次侧出口温度,
Bt_1o_B_L,POE\C01\YXFX_COM4.GB,OUT,144,75,写,,WORD,,,VAR_EXTERNAL,GLOBAL,,主换热器B的一次侧出口温度,
Bt_1o_C_DW,POE\C01\C01V.VB,,,,,,DWORD,,,VAR_EXTERNAL,DEFINITION,,Primary Side Outlet Temperature of Heat Exchanger C,
Bt_1o_C_DW,POE\C01\YXFX_COM4.GB,IN,193,10,读,,DWORD,,,VAR_EXTERNAL,GLOBAL,,Primary Side Outlet Temperature of Heat Exchanger C,
Bt_1o_C_H,POE\C01\C01V.VB,,,,,,WORD,,,VAR_EXTERNAL,DEFINITION,,主换热器C的一次侧出口温度,
Bt_1o_C_H,POE\C01\YXFX_COM4.GB,OUT,193,75,写,,WORD,,,VAR_EXTERNAL,GLOBAL,,主换热器C的一次侧出口温度,
Bt_1o_C_L,POE\C01\C01V.VB,,,,,,WORD,,,VAR_EXTERNAL,DEFINITION,,主换热器C的一次侧出口温度,
Bt_1o_C_L,POE\C01\YXFX_COM4.GB,OUT,177,75,写,,WORD,,,VAR_EXTERNAL,GLOBAL,,主换热器C的一次侧出口温度,
Bt_1o_D_DW,POE\C01\C01V.VB,,,,,,DWORD,,,VAR_EXTERNAL,DEFINITION,,Primary Side Outlet Temperature of Heat Exchanger D,
Bt_1o_D_DW,POE\C01\YXFX_COM4.GB,IN,226,10,读,,DWORD,,,VAR_EXTERNAL,GLOBAL,,Primary Side Outlet Temperature of Heat Exchanger D,
Bt_1o_D_H,POE\C01\C01V.VB,,,,,,WORD,,,VAR_EXTERNAL,DEFINITION,,主换热器D的一次侧出口温度,
Bt_1o_D_H,POE\C01\YXFX_COM4.GB,OUT,226,75,写,,WORD,,,VAR_EXTERNAL,GLOBAL,,主换热器D的一次侧出口温度,
Bt_1o_D_L,POE\C01\C01V.VB,,,,,,WORD,,,VAR_EXTERNAL,DEFINITION,,主换热器D的一次侧出口温度,
Bt_1o_D_L,POE\C01\YXFX_COM4.GB,OUT,210,75,写,,WORD,,,VAR_EXTERNAL,GLOBAL,,主换热器D的一次侧出口温度,
Bt_2i_A_DW,POE\C01\C01V.VB,,,,,,DWORD,,,VAR_EXTERNAL,DEFINITION,,Secondary Side Outlet Temperature of Heat Exchanger A,
Bt_2i_A_DW,POE\C01\YXFX_COM4.GB,IN,259,10,读,,DWORD,,,VAR_EXTERNAL,GLOBAL,,Secondary Side Outlet Temperature of Heat Exchanger A,
Bt_2i_A_H,POE\C01\C01V.VB,,,,,,WORD,,,VAR_EXTERNAL,DEFINITION,,主换热器A的二次侧进口温度,
Bt_2i_A_H,POE\C01\YXFX_COM4.GB,OUT,259,75,写,,WORD,,,VAR_EXTERNAL,GLOBAL,,主换热器A的二次侧进口温度,
Bt_2i_A_L,POE\C01\C01V.VB,,,,,,WORD,,,VAR_EXTERNAL,DEFINITION,,主换热器A的二次侧进口温度,
Bt_2i_A_L,POE\C01\YXFX_COM4.GB,OUT,243,75,写,,WORD,,,VAR_EXTERNAL,GLOBAL,,主换热器A的二次侧进口温度,
Bt_2i_B_DW,POE\C01\C01V.VB,,,,,,DWORD,,,VAR_EXTERNAL,DEFINITION,,Secondary Side Outlet Temperature of Heat Exchanger B,
Bt_2i_B_DW,POE\C01\YXFX_COM4.GB,IN,292,10,读,,DWORD,,,VAR_EXTERNAL,GLOBAL,,Secondary Side Outlet Temperature of Heat Exchanger B,
Bt_2i_B_H,POE\C01\C01V.VB,,,,,,WORD,,,VAR_EXTERNAL,DEFINITION,,主换热器B的二次侧进口温度,
Bt_2i_B_H,POE\C01\YXFX_COM4.GB,OUT,292,75,写,,WORD,,,VAR_EXTERNAL,GLOBAL,,主换热器B的二次侧进口温度,
Bt_2i_B_L,POE\C01\C01V.VB,,,,,,WORD,,,VAR_EXTERNAL,DEFINITION,,主换热器B的二次侧进口温度,
Bt_2i_B_L,POE\C01\YXFX_COM4.GB,OUT,276,75,写,,WORD,,,VAR_EXTERNAL,GLOBAL,,主换热器B的二次侧进口温度,
Bt_2i_C_DW,POE\C01\C01V.VB,,,,,,DWORD,,,VAR_EXTERNAL,DEFINITION,,Secondary Side Outlet Temperature of Heat Exchanger C,
Bt_2i_C_DW,POE\C01\YXFX_COM4.GB,IN,326,10,读,,DWORD,,,VAR_EXTERNAL,GLOBAL,,Secondary Side Outlet Temperature of Heat Exchanger C,
Bt_2i_C_H,POE\C01\C01V.VB,,,,,,WORD,,,VAR_EXTERNAL,DEFINITION,,主换热器C的二次侧进口温度,
Bt_2i_C_H,POE\C01\YXFX_COM4.GB,OUT,326,75,写,,WORD,,,VAR_EXTERNAL,GLOBAL,,主换热器C的二次侧进口温度,
Bt_2i_C_L,POE\C01\C01V.VB,,,,,,WORD,,,VAR_EXTERNAL,DEFINITION,,主换热器C的二次侧进口温度,
Bt_2i_C_L,POE\C01\YXFX_COM4.GB,OUT,310,75,写,,WORD,,,VAR_EXTERNAL,GLOBAL,,主换热器C的二次侧进口温度,
Bt_2i_D_DW,POE\C01\C01V.VB,,,,,,DWORD,,,VAR_EXTERNAL,DEFINITION,,Secondary Side Outlet Temperature of Heat Exchanger D,
Bt_2i_D_DW,POE\C01\YXFX_COM4.GB,IN,25,101,读,,DWORD,,,VAR_EXTERNAL,GLOBAL,,Secondary Side Outlet Temperature of Heat Exchanger D,
Bt_2i_D_H,POE\C01\C01V.VB,,,,,,WORD,,,VAR_EXTERNAL,DEFINITION,,主换热器D的二次侧进口温度,
Bt_2i_D_H,POE\C01\YXFX_COM4.GB,OUT,25,166,写,,WORD,,,VAR_EXTERNAL,GLOBAL,,主换热器D的二次侧进口温度,
Bt_2i_D_L,POE\C01\C01V.VB,,,,,,WORD,,,VAR_EXTERNAL,DEFINITION,,主换热器D的二次侧进口温度,
Bt_2i_D_L,POE\C01\YXFX_COM4.GB,OUT,9,166,写,,WORD,,,VAR_EXTERNAL,GLOBAL,,主换热器D的二次侧进口温度,
Bt_in_DW,POE\C01\C01V.VB,,,,,,DWORD,,,VAR_EXTERNAL,DEFINITION,,Reactor Coolant Inlet Temperature,
Bt_in_DW,POE\C01\YXFX_COM2.GB,IN,75,20,读,,DWORD,,,VAR_EXTERNAL,GLOBAL,,Reactor Coolant Inlet Temperature,
Bt_in_H,POE\C01\C01V.VB,,,,,,WORD,,,VAR_EXTERNAL,DEFINITION,,反应堆重水入口温度,
Bt_in_H,POE\C01\YXFX_COM2.GB,OUT,75,83,写,,WORD,,,VAR_EXTERNAL,GLOBAL,,反应堆重水入口温度,
Bt_in_L,POE\C01\C01V.VB,,,,,,WORD,,,VAR_EXTERNAL,DEFINITION,,反应堆重水入口温度,
Bt_in_L,POE\C01\YXFX_COM2.GB,OUT,59,83,写,,WORD,,,VAR_EXTERNAL,GLOBAL,,反应堆重水入口温度,
Bt_ou_10_DW,POE\C01\C01V.VB,,,,,,DWORD,,,VAR_EXTERNAL,DEFINITION,,No.10 Process Tube Temperature Difference,
Bt_ou_10_DW,POE\C01\YXFX_COM2.GB,IN,109,109,读,,DWORD,,,VAR_EXTERNAL,GLOBAL,,No.10 Process Tube Temperature Difference,
Bt_ou_10_H,POE\C01\C01V.VB,,,,,,WORD,,,VAR_EXTERNAL,DEFINITION,,10号工艺管温差,
Bt_ou_10_H,POE\C01\YXFX_COM2.GB,OUT,109,175,写,,WORD,,,VAR_EXTERNAL,GLOBAL,,10号工艺管温差,
Bt_ou_10_L,POE\C01\C01V.VB,,,,,,WORD,,,VAR_EXTERNAL,DEFINITION,,10号工艺管温差,
Bt_ou_10_L,POE\C01\YXFX_COM2.GB,OUT,93,175,写,,WORD,,,VAR_EXTERNAL,GLOBAL,,10号工艺管温差,
Bt_ou_11_DW,POE\C01\C01V.VB,,,,,,DWORD,,,VAR_EXTERNAL,DEFINITION,,No.11 Process Tube Temperature Difference,
Bt_ou_11_DW,POE\C01\YXFX_COM2.GB,IN,142,109,读,,DWORD,,,VAR_EXTERNAL,GLOBAL,,No.11 Process Tube Temperature Difference,
Bt_ou_11_H,POE\C01\C01V.VB,,,,,,WORD,,,VAR_EXTERNAL,DEFINITION,,11号工艺管温差,
Bt_ou_11_H,POE\C01\YXFX_COM2.GB,OUT,142,175,写,,WORD,,,VAR_EXTERNAL,GLOBAL,,11号工艺管温差,
Bt_ou_11_L,POE\C01\C01V.VB,,,,,,WORD,,,VAR_EXTERNAL,DEFINITION,,11号工艺管温差,
Bt_ou_11_L,POE\C01\YXFX_COM2.GB,OUT,126,175,写,,WORD,,,VAR_EXTERNAL,GLOBAL,,11号工艺管温差,
Bt_ou_12_DW,POE\C01\C01V.VB,,,,,,DWORD,,,VAR_EXTERNAL,DEFINITION,,No.12 Process Tube Temperature Difference,
Bt_ou_12_DW,POE\C01\YXFX_COM2.GB,IN,175,109,读,,DWORD,,,VAR_EXTERNAL,GLOBAL,,No.12 Process Tube Temperature Difference,
Bt_ou_12_H,POE\C01\C01V.VB,,,,,,WORD,,,VAR_EXTERNAL,DEFINITION,,12号工艺管温差,
Bt_ou_12_H,POE\C01\YXFX_COM2.GB,OUT,175,175,写,,WORD,,,VAR_EXTERNAL,GLOBAL,,12号工艺管温差,
Bt_ou_12_L,POE\C01\C01V.VB,,,,,,WORD,,,VAR_EXTERNAL,DEFINITION,,12号工艺管温差,
Bt_ou_12_L,POE\C01\YXFX_COM2.GB,OUT,159,175,写,,WORD,,,VAR_EXTERNAL,GLOBAL,,12号工艺管温差,
Bt_ou_13_DW,POE\C01\C01V.VB,,,,,,DWORD,,,VAR_EXTERNAL,DEFINITION,,No.13 Process Tube Temperature Difference,
Bt_ou_13_DW,POE\C01\YXFX_COM2.GB,IN,208,109,读,,DWORD,,,VAR_EXTERNAL,GLOBAL,,No.13 Process Tube Temperature Difference,
Bt_ou_13_H,POE\C01\C01V.VB,,,,,,WORD,,,VAR_EXTERNAL,DEFINITION,,13号工艺管温差,
Bt_ou_13_H,POE\C01\YXFX_COM2.GB,OUT,208,175,写,,WORD,,,VAR_EXTERNAL,GLOBAL,,13号工艺管温差,
Bt_ou_13_L,POE\C01\C01V.VB,,,,,,WORD,,,VAR_EXTERNAL,DEFINITION,,13号工艺管温差,
Bt_ou_13_L,POE\C01\YXFX_COM2.GB,OUT,192,175,写,,WORD,,,VAR_EXTERNAL,GLOBAL,,13号工艺管温差,
Bt_ou_14_DW,POE\C01\C01V.VB,,,,,,DWORD,,,VAR_EXTERNAL,DEFINITION,,No.14 Process Tube Temperature Difference,
Bt_ou_14_DW,POE\C01\YXFX_COM2.GB,IN,241,109,读,,DWORD,,,VAR_EXTERNAL,GLOBAL,,No.14 Process Tube Temperature Difference,
Bt_ou_14_H,POE\C01\C01V.VB,,,,,,WORD,,,VAR_EXTERNAL,DEFINITION,,14号工艺管温差,
Bt_ou_14_H,POE\C01\YXFX_COM2.GB,OUT,241,175,写,,WORD,,,VAR_EXTERNAL,GLOBAL,,14号工艺管温差,
Bt_ou_14_L,POE\C01\C01V.VB,,,,,,WORD,,,VAR_EXTERNAL,DEFINITION,,14号工艺管温差,
Bt_ou_14_L,POE\C01\YXFX_COM2.GB,OUT,225,175,写,,WORD,,,VAR_EXTERNAL,GLOBAL,,14号工艺管温差,
Bt_ou_15_DW,POE\C01\C01V.VB,,,,,,DWORD,,,VAR_EXTERNAL,DEFINITION,,No.15 Process Tube Temperature Difference,
Bt_ou_15_DW,POE\C01\YXFX_COM2.GB,IN,274,109,读,,DWORD,,,VAR_EXTERNAL,GLOBAL,,No.15 Process Tube Temperature Difference,
Bt_ou_15_H,POE\C01\C01V.VB,,,,,,WORD,,,VAR_EXTERNAL,DEFINITION,,15号工艺管温差,
Bt_ou_15_H,POE\C01\YXFX_COM2.GB,OUT,274,175,写,,WORD,,,VAR_EXTERNAL,GLOBAL,,15号工艺管温差,
Bt_ou_15_L,POE\C01\C01V.VB,,,,,,WORD,,,VAR_EXTERNAL,DEFINITION,,15号工艺管温差,
Bt_ou_15_L,POE\C01\YXFX_COM2.GB,OUT,258,175,写,,WORD,,,VAR_EXTERNAL,GLOBAL,,15号工艺管温差,
Bt_ou_16_DW,POE\C01\C01V.VB,,,,,,DWORD,,,VAR_EXTERNAL,DEFINITION,,No.16 Process Tube Temperature Difference,
Bt_ou_16_DW,POE\C01\YXFX_COM2.GB,IN,307,109,读,,DWORD,,,VAR_EXTERNAL,GLOBAL,,No.16 Process Tube Temperature Difference,
Bt_ou_16_H,POE\C01\C01V.VB,,,,,,WORD,,,VAR_EXTERNAL,DEFINITION,,16号工艺管温差,
Bt_ou_16_H,POE\C01\YXFX_COM2.GB,OUT,307,175,写,,WORD,,,VAR_EXTERNAL,GLOBAL,,16号工艺管温差,
Bt_ou_16_L,POE\C01\C01V.VB,,,,,,WORD,,,VAR_EXTERNAL,DEFINITION,,16号工艺管温差,
Bt_ou_16_L,POE\C01\YXFX_COM2.GB,OUT,291,175,写,,WORD,,,VAR_EXTERNAL,GLOBAL,,16号工艺管温差,
Bt_ou_17_DW,POE\C01\C01V.VB,,,,,,DWORD,,,VAR_EXTERNAL,DEFINITION,,No.17 Process Tube Temperature Difference,
Bt_ou_17_DW,POE\C01\YXFX_COM2.GB,IN,341,109,读,,DWORD,,,VAR_EXTERNAL,GLOBAL,,No.17 Process Tube Temperature Difference,
Bt_ou_17_H,POE\C01\C01V.VB,,,,,,WORD,,,VAR_EXTERNAL,DEFINITION,,17号工艺管温差,
Bt_ou_17_H,POE\C01\YXFX_COM2.GB,OUT,341,175,写,,WORD,,,VAR_EXTERNAL,GLOBAL,,17号工艺管温差,
Bt_ou_17_L,POE\C01\C01V.VB,,,,,,WORD,,,VAR_EXTERNAL,DEFINITION,,17号工艺管温差,
Bt_ou_17_L,POE\C01\YXFX_COM2.GB,OUT,325,175,写,,WORD,,,VAR_EXTERNAL,GLOBAL,,17号工艺管温差,
Bt_ou_18_DW,POE\C01\C01V.VB,,,,,,DWORD,,,VAR_EXTERNAL,DEFINITION,,No.18 Process Tube Temperature Difference,
Bt_ou_18_DW,POE\C01\YXFX_COM2.GB,IN,40,206,读,,DWORD,,,VAR_EXTERNAL,GLOBAL,,No.18 Process Tube Temperature Difference,
Bt_ou_18_H,POE\C01\C01V.VB,,,,,,WORD,,,VAR_EXTERNAL,DEFINITION,,18号工艺管温差,
Bt_ou_18_H,POE\C01\YXFX_COM2.GB,OUT,40,272,写,,WORD,,,VAR_EXTERNAL,GLOBAL,,18号工艺管温差,
Bt_ou_18_L,POE\C01\C01V.VB,,,,,,WORD,,,VAR_EXTERNAL,DEFINITION,,18号工艺管温差,
Bt_ou_18_L,POE\C01\YXFX_COM2.GB,OUT,24,272,写,,WORD,,,VAR_EXTERNAL,GLOBAL,,18号工艺管温差,
Bt_ou_19_DW,POE\C01\C01V.VB,,,,,,DWORD,,,VAR_EXTERNAL,DEFINITION,,No.19 Process Tube Temperature Difference,
Bt_ou_19_DW,POE\C01\YXFX_COM2.GB,IN,74,206,读,,DWORD,,,VAR_EXTERNAL,GLOBAL,,No.19 Process Tube Temperature Difference,
Bt_ou_19_H,POE\C01\C01V.VB,,,,,,WORD,,,VAR_EXTERNAL,DEFINITION,,19号工艺管温差,
Bt_ou_19_H,POE\C01\YXFX_COM2.GB,OUT,74,272,写,,WORD,,,VAR_EXTERNAL,GLOBAL,,19号工艺管温差,
Bt_ou_19_L,POE\C01\C01V.VB,,,,,,WORD,,,VAR_EXTERNAL,DEFINITION,,19号工艺管温差,
Bt_ou_19_L,POE\C01\YXFX_COM2.GB,OUT,58,272,写,,WORD,,,VAR_EXTERNAL,GLOBAL,,19号工艺管温差,
Bt_ou_1_DW,POE\C01\C01V.VB,,,,,,DWORD,,,VAR_EXTERNAL,DEFINITION,,No.1 Process Tube Temperature Difference,
Bt_ou_1_DW,POE\C01\YXFX_COM2.GB,IN,142,18,读,,DWORD,,,VAR_EXTERNAL,GLOBAL,,No.1 Process Tube Temperature Difference,
Bt_ou_1_H,POE\C01\C01V.VB,,,,,,WORD,,,VAR_EXTERNAL,DEFINITION,,1号工艺管温差,
Bt_ou_1_H,POE\C01\YXFX_COM2.GB,OUT,142,83,写,,WORD,,,VAR_EXTERNAL,GLOBAL,,1号工艺管温差,
Bt_ou_1_L,POE\C01\C01V.VB,,,,,,WORD,,,VAR_EXTERNAL,DEFINITION,,1号工艺管温差,
Bt_ou_1_L,POE\C01\YXFX_COM2.GB,OUT,126,83,写,,WORD,,,VAR_EXTERNAL,GLOBAL,,1号工艺管温差,
Bt_ou_20_DW,POE\C01\C01V.VB,,,,,,DWORD,,,VAR_EXTERNAL,DEFINITION,,No.20 Process Tube Temperature Difference,
Bt_ou_20_DW,POE\C01\YXFX_COM2.GB,IN,109,206,读,,DWORD,,,VAR_EXTERNAL,GLOBAL,,No.20 Process Tube Temperature Difference,
Bt_ou_20_H,POE\C01\C01V.VB,,,,,,WORD,,,VAR_EXTERNAL,DEFINITION,,20号工艺管温差,
Bt_ou_20_H,POE\C01\YXFX_COM2.GB,OUT,109,272,写,,WORD,,,VAR_EXTERNAL,GLOBAL,,20号工艺管温差,
Bt_ou_20_L,POE\C01\C01V.VB,,,,,,WORD,,,VAR_EXTERNAL,DEFINITION,,20号工艺管温差,
Bt_ou_20_L,POE\C01\YXFX_COM2.GB,OUT,93,272,写,,WORD,,,VAR_EXTERNAL,GLOBAL,,20号工艺管温差,
Bt_ou_21_DW,POE\C01\C01V.VB,,,,,,DWORD,,,VAR_EXTERNAL,DEFINITION,,No.21 Process Tube Temperature Difference,
Bt_ou_21_DW,POE\C01\YXFX_COM2.GB,IN,142,206,读,,DWORD,,,VAR_EXTERNAL,GLOBAL,,No.21 Process Tube Temperature Difference,
Bt_ou_21_H,POE\C01\C01V.VB,,,,,,WORD,,,VAR_EXTERNAL,DEFINITION,,21号工艺管温差,
Bt_ou_21_H,POE\C01\YXFX_COM2.GB,OUT,142,272,写,,WORD,,,VAR_EXTERNAL,GLOBAL,,21号工艺管温差,
Bt_ou_21_L,POE\C01\C01V.VB,,,,,,WORD,,,VAR_EXTERNAL,DEFINITION,,21号工艺管温差,
Bt_ou_21_L,POE\C01\YXFX_COM2.GB,OUT,126,272,写,,WORD,,,VAR_EXTERNAL,GLOBAL,,21号工艺管温差,
Bt_ou_22_DW,POE\C01\C01V.VB,,,,,,DWORD,,,VAR_EXTERNAL,DEFINITION,,No.22 Process Tube Temperature Difference,
Bt_ou_22_DW,POE\C01\YXFX_COM2.GB,IN,175,206,读,,DWORD,,,VAR_EXTERNAL,GLOBAL,,No.22 Process Tube Temperature Difference,
Bt_ou_22_H,POE\C01\C01V.VB,,,,,,WORD,,,VAR_EXTERNAL,DEFINITION,,22号工艺管温差,
Bt_ou_22_H,POE\C01\YXFX_COM2.GB,OUT,175,272,写,,WORD,,,VAR_EXTERNAL,GLOBAL,,22号工艺管温差,
Bt_ou_22_L,POE\C01\C01V.VB,,,,,,WORD,,,VAR_EXTERNAL,DEFINITION,,22号工艺管温差,
Bt_ou_22_L,POE\C01\YXFX_COM2.GB,OUT,159,272,写,,WORD,,,VAR_EXTERNAL,GLOBAL,,22号工艺管温差,
Bt_ou_23_DW,POE\C01\C01V.VB,,,,,,DWORD,,,VAR_EXTERNAL,DEFINITION,,No.23 Process Tube Temperature Difference,
Bt_ou_23_DW,POE\C01\YXFX_COM2.GB,IN,208,206,读,,DWORD,,,VAR_EXTERNAL,GLOBAL,,No.23 Process Tube Temperature Difference,
Bt_ou_23_H,POE\C01\C01V.VB,,,,,,WORD,,,VAR_EXTERNAL,DEFINITION,,23号工艺管温差,
Bt_ou_23_H,POE\C01\YXFX_COM2.GB,OUT,208,272,写,,WORD,,,VAR_EXTERNAL,GLOBAL,,23号工艺管温差,
Bt_ou_23_L,POE\C01\C01V.VB,,,,,,WORD,,,VAR_EXTERNAL,DEFINITION,,23号工艺管温差,
Bt_ou_23_L,POE\C01\YXFX_COM2.GB,OUT,192,272,写,,WORD,,,VAR_EXTERNAL,GLOBAL,,23号工艺管温差,
Bt_ou_24_DW,POE\C01\C01V.VB,,,,,,DWORD,,,VAR_EXTERNAL,DEFINITION,,No.24 Process Tube Temperature Difference,
Bt_ou_24_DW,POE\C01\YXFX_COM2.GB,IN,241,206,读,,DWORD,,,VAR_EXTERNAL,GLOBAL,,No.24 Process Tube Temperature Difference,
Bt_ou_24_H,POE\C01\C01V.VB,,,,,,WORD,,,VAR_EXTERNAL,DEFINITION,,24号工艺管温差,
Bt_ou_24_H,POE\C01\YXFX_COM2.GB,OUT,241,272,写,,WORD,,,VAR_EXTERNAL,GLOBAL,,24号工艺管温差,
Bt_ou_24_L,POE\C01\C01V.VB,,,,,,WORD,,,VAR_EXTERNAL,DEFINITION,,24号工艺管温差,
Bt_ou_24_L,POE\C01\YXFX_COM2.GB,OUT,225,272,写,,WORD,,,VAR_EXTERNAL,GLOBAL,,24号工艺管温差,
Bt_ou_25_DW,POE\C01\C01V.VB,,,,,,DWORD,,,VAR_EXTERNAL,DEFINITION,,No.25 Process Tube Temperature Difference,
Bt_ou_25_DW,POE\C01\YXFX_COM2.GB,IN,274,206,读,,DWORD,,,VAR_EXTERNAL,GLOBAL,,No.25 Process Tube Temperature Difference,
Bt_ou_25_H,POE\C01\C01V.VB,,,,,,WORD,,,VAR_EXTERNAL,DEFINITION,,25号工艺管温差,
Bt_ou_25_H,POE\C01\YXFX_COM2.GB,OUT,274,272,写,,WORD,,,VAR_EXTERNAL,GLOBAL,,25号工艺管温差,
Bt_ou_25_L,POE\C01\C01V.VB,,,,,,WORD,,,VAR_EXTERNAL,DEFINITION,,25号工艺管温差,
Bt_ou_25_L,POE\C01\YXFX_COM2.GB,OUT,258,272,写,,WORD,,,VAR_EXTERNAL,GLOBAL,,25号工艺管温差,
Bt_ou_26_DW,POE\C01\C01V.VB,,,,,,DWORD,,,VAR_EXTERNAL,DEFINITION,,No.26 Process Tube Temperature Difference,
Bt_ou_26_DW,POE\C01\YXFX_COM2.GB,IN,307,206,读,,DWORD,,,VAR_EXTERNAL,GLOBAL,,No.26 Process Tube Temperature Difference,
Bt_ou_26_H,POE\C01\C01V.VB,,,,,,WORD,,,VAR_EXTERNAL,DEFINITION,,26号工艺管温差,
Bt_ou_26_H,POE\C01\YXFX_COM2.GB,OUT,307,272,写,,WORD,,,VAR_EXTERNAL,GLOBAL,,26号工艺管温差,
Bt_ou_26_L,POE\C01\C01V.VB,,,,,,WORD,,,VAR_EXTERNAL,DEFINITION,,26号工艺管温差,
Bt_ou_26_L,POE\C01\YXFX_COM2.GB,OUT,291,272,写,,WORD,,,VAR_EXTERNAL,GLOBAL,,26号工艺管温差,
Bt_ou_27_DW,POE\C01\C01V.VB,,,,,,DWORD,,,VAR_EXTERNAL,DEFINITION,,No.27 Process Tube Temperature Difference,
Bt_ou_27_DW,POE\C01\YXFX_COM2.GB,IN,341,206,读,,DWORD,,,VAR_EXTERNAL,GLOBAL,,No.27 Process Tube Temperature Difference,
Bt_ou_27_H,POE\C01\C01V.VB,,,,,,WORD,,,VAR_EXTERNAL,DEFINITION,,27号工艺管温差,
Bt_ou_27_H,POE\C01\YXFX_COM2.GB,OUT,341,272,写,,WORD,,,VAR_EXTERNAL,GLOBAL,,27号工艺管温差,
Bt_ou_27_L,POE\C01\C01V.VB,,,,,,WORD,,,VAR_EXTERNAL,DEFINITION,,27号工艺管温差,
Bt_ou_27_L,POE\C01\YXFX_COM2.GB,OUT,325,272,写,,WORD,,,VAR_EXTERNAL,GLOBAL,,27号工艺管温差,
Bt_ou_28_DW,POE\C01\C01V.VB,,,,,,DWORD,,,VAR_EXTERNAL,DEFINITION,,No.28 Process Tube Temperature Difference,
Bt_ou_28_DW,POE\C01\YXFX_COM2.GB,IN,40,292,读,,DWORD,,,VAR_EXTERNAL,GLOBAL,,No.28 Process Tube Temperature Difference,
Bt_ou_28_H,POE\C01\C01V.VB,,,,,,WORD,,,VAR_EXTERNAL,DEFINITION,,28号工艺管温差,
Bt_ou_28_H,POE\C01\YXFX_COM2.GB,OUT,40,358,写,,WORD,,,VAR_EXTERNAL,GLOBAL,,28号工艺管温差,
Bt_ou_28_L,POE\C01\C01V.VB,,,,,,WORD,,,VAR_EXTERNAL,DEFINITION,,28号工艺管温差,
Bt_ou_28_L,POE\C01\YXFX_COM2.GB,OUT,24,358,写,,WORD,,,VAR_EXTERNAL,GLOBAL,,28号工艺管温差,
Bt_ou_29_DW,POE\C01\C01V.VB,,,,,,DWORD,,,VAR_EXTERNAL,DEFINITION,,No.29 Process Tube Temperature Difference,
Bt_ou_29_DW,POE\C01\YXFX_COM2.GB,IN,74,292,读,,DWORD,,,VAR_EXTERNAL,GLOBAL,,No.29 Process Tube Temperature Difference,
Bt_ou_29_H,POE\C01\C01V.VB,,,,,,WORD,,,VAR_EXTERNAL,DEFINITION,,29号工艺管温差,
Bt_ou_29_H,POE\C01\YXFX_COM2.GB,OUT,74,358,写,,WORD,,,VAR_EXTERNAL,GLOBAL,,29号工艺管温差,
Bt_ou_29_L,POE\C01\C01V.VB,,,,,,WORD,,,VAR_EXTERNAL,DEFINITION,,29号工艺管温差,
Bt_ou_29_L,POE\C01\YXFX_COM2.GB,OUT,58,358,写,,WORD,,,VAR_EXTERNAL,GLOBAL,,29号工艺管温差,
Bt_ou_2_DW,POE\C01\C01V.VB,,,,,,DWORD,,,VAR_EXTERNAL,DEFINITION,,No.2 Process Tube Temperature Difference,
Bt_ou_2_DW,POE\C01\YXFX_COM2.GB,IN,175,18,读,,DWORD,,,VAR_EXTERNAL,GLOBAL,,No.2 Process Tube Temperature Difference,
Bt_ou_2_H,POE\C01\C01V.VB,,,,,,WORD,,,VAR_EXTERNAL,DEFINITION,,2号工艺管温差,
Bt_ou_2_H,POE\C01\YXFX_COM2.GB,OUT,175,83,写,,WORD,,,VAR_EXTERNAL,GLOBAL,,2号工艺管温差,
Bt_ou_2_L,POE\C01\C01V.VB,,,,,,WORD,,,VAR_EXTERNAL,DEFINITION,,2号工艺管温差,
Bt_ou_2_L,POE\C01\YXFX_COM2.GB,OUT,159,83,写,,WORD,,,VAR_EXTERNAL,GLOBAL,,2号工艺管温差,
Bt_ou_30_DW,POE\C01\C01V.VB,,,,,,DWORD,,,VAR_EXTERNAL,DEFINITION,,No.30 Process Tube Temperature Difference,
Bt_ou_30_DW,POE\C01\YXFX_COM2.GB,IN,109,292,读,,DWORD,,,VAR_EXTERNAL,GLOBAL,,No.30 Process Tube Temperature Difference,
Bt_ou_30_H,POE\C01\C01V.VB,,,,,,WORD,,,VAR_EXTERNAL,DEFINITION,,30号工艺管温差,
Bt_ou_30_H,POE\C01\YXFX_COM2.GB,OUT,109,358,写,,WORD,,,VAR_EXTERNAL,GLOBAL,,30号工艺管温差,
Bt_ou_30_L,POE\C01\C01V.VB,,,,,,WORD,,,VAR_EXTERNAL,DEFINITION,,30号工艺管温差,
Bt_ou_30_L,POE\C01\YXFX_COM2.GB,OUT,93,358,写,,WORD,,,VAR_EXTERNAL,GLOBAL,,30号工艺管温差,
Bt_ou_31_DW,POE\C01\C01V.VB,,,,,,DWORD,,,VAR_EXTERNAL,DEFINITION,,No.31 Process Tube Temperature Difference,
Bt_ou_31_DW,POE\C01\YXFX_COM2.GB,IN,142,292,读,,DWORD,,,VAR_EXTERNAL,GLOBAL,,No.31 Process Tube Temperature Difference,
Bt_ou_31_H,POE\C01\C01V.VB,,,,,,WORD,,,VAR_EXTERNAL,DEFINITION,,31号工艺管温差,
Bt_ou_31_H,POE\C01\YXFX_COM2.GB,OUT,142,358,写,,WORD,,,VAR_EXTERNAL,GLOBAL,,31号工艺管温差,
Bt_ou_31_L,POE\C01\C01V.VB,,,,,,WORD,,,VAR_EXTERNAL,DEFINITION,,31号工艺管温差,
Bt_ou_31_L,POE\C01\YXFX_COM2.GB,OUT,126,358,写,,WORD,,,VAR_EXTERNAL,GLOBAL,,31号工艺管温差,
Bt_ou_32_DW,POE\C01\C01V.VB,,,,,,DWORD,,,VAR_EXTERNAL,DEFINITION,,No.32 Process Tube Temperature Difference,
Bt_ou_32_DW,POE\C01\YXFX_COM2.GB,IN,175,292,读,,DWORD,,,VAR_EXTERNAL,GLOBAL,,No.32 Process Tube Temperature Difference,
Bt_ou_32_H,POE\C01\C01V.VB,,,,,,WORD,,,VAR_EXTERNAL,DEFINITION,,32号工艺管温差,
Bt_ou_32_H,POE\C01\YXFX_COM2.GB,OUT,175,358,写,,WORD,,,VAR_EXTERNAL,GLOBAL,,32号工艺管温差,
Bt_ou_32_L,POE\C01\C01V.VB,,,,,,WORD,,,VAR_EXTERNAL,DEFINITION,,32号工艺管温差,
Bt_ou_32_L,POE\C01\YXFX_COM2.GB,OUT,159,358,写,,WORD,,,VAR_EXTERNAL,GLOBAL,,32号工艺管温差,
Bt_ou_33_DW,POE\C01\C01V.VB,,,,,,DWORD,,,VAR_EXTERNAL,DEFINITION,,No.33 Process Tube Temperature Difference,
Bt_ou_33_DW,POE\C01\YXFX_COM2.GB,IN,208,292,读,,DWORD,,,VAR_EXTERNAL,GLOBAL,,No.33 Process Tube Temperature Difference,
Bt_ou_33_H,POE\C01\C01V.VB,,,,,,WORD,,,VAR_EXTERNAL,DEFINITION,,33号工艺管温差,
Bt_ou_33_H,POE\C01\YXFX_COM2.GB,OUT,208,358,写,,WORD,,,VAR_EXTERNAL,GLOBAL,,33号工艺管温差,
Bt_ou_33_L,POE\C01\C01V.VB,,,,,,WORD,,,VAR_EXTERNAL,DEFINITION,,33号工艺管温差,
Bt_ou_33_L,POE\C01\YXFX_COM2.GB,OUT,192,358,写,,WORD,,,VAR_EXTERNAL,GLOBAL,,33号工艺管温差,
Bt_ou_34_DW,POE\C01\C01V.VB,,,,,,DWORD,,,VAR_EXTERNAL,DEFINITION,,No.34 Process Tube Temperature Difference,
Bt_ou_34_DW,POE\C01\YXFX_COM2.GB,IN,241,292,读,,DWORD,,,VAR_EXTERNAL,GLOBAL,,No.34 Process Tube Temperature Difference,
Bt_ou_34_H,POE\C01\C01V.VB,,,,,,WORD,,,VAR_EXTERNAL,DEFINITION,,34号工艺管温差,
Bt_ou_34_H,POE\C01\YXFX_COM2.GB,OUT,241,358,写,,WORD,,,VAR_EXTERNAL,GLOBAL,,34号工艺管温差,
Bt_ou_34_L,POE\C01\C01V.VB,,,,,,WORD,,,VAR_EXTERNAL,DEFINITION,,34号工艺管温差,
Bt_ou_34_L,POE\C01\YXFX_COM2.GB,OUT,225,358,写,,WORD,,,VAR_EXTERNAL,GLOBAL,,34号工艺管温差,
Bt_ou_35_DW,POE\C01\C01V.VB,,,,,,DWORD,,,VAR_EXTERNAL,DEFINITION,,No.35 Process Tube Temperature Difference,
Bt_ou_35_DW,POE\C01\YXFX_COM2.GB,IN,274,292,读,,DWORD,,,VAR_EXTERNAL,GLOBAL,,No.35 Process Tube Temperature Difference,
Bt_ou_35_H,POE\C01\C01V.VB,,,,,,WORD,,,VAR_EXTERNAL,DEFINITION,,35号工艺管温差,
Bt_ou_35_H,POE\C01\YXFX_COM2.GB,OUT,274,358,写,,WORD,,,VAR_EXTERNAL,GLOBAL,,35号工艺管温差,
Bt_ou_35_L,POE\C01\C01V.VB,,,,,,WORD,,,VAR_EXTERNAL,DEFINITION,,35号工艺管温差,
Bt_ou_35_L,POE\C01\YXFX_COM2.GB,OUT,258,358,写,,WORD,,,VAR_EXTERNAL,GLOBAL,,35号工艺管温差,
Bt_ou_36_DW,POE\C01\C01V.VB,,,,,,DWORD,,,VAR_EXTERNAL,DEFINITION,,No.36 Process Tube Temperature Difference,
Bt_ou_36_DW,POE\C01\YXFX_COM2.GB,IN,307,292,读,,DWORD,,,VAR_EXTERNAL,GLOBAL,,No.36 Process Tube Temperature Difference,
Bt_ou_36_H,POE\C01\C01V.VB,,,,,,WORD,,,VAR_EXTERNAL,DEFINITION,,36号工艺管温差,
Bt_ou_36_H,POE\C01\YXFX_COM2.GB,OUT,307,358,写,,WORD,,,VAR_EXTERNAL,GLOBAL,,36号工艺管温差,
Bt_ou_36_L,POE\C01\C01V.VB,,,,,,WORD,,,VAR_EXTERNAL,DEFINITION,,36号工艺管温差,
Bt_ou_36_L,POE\C01\YXFX_COM2.GB,OUT,291,358,写,,WORD,,,VAR_EXTERNAL,GLOBAL,,36号工艺管温差,
Bt_ou_37_DW,POE\C01\C01V.VB,,,,,,DWORD,,,VAR_EXTERNAL,DEFINITION,,No.37 Process Tube Temperature Difference,
Bt_ou_37_DW,POE\C01\YXFX_COM2.GB,IN,341,292,读,,DWORD,,,VAR_EXTERNAL,GLOBAL,,No.37 Process Tube Temperature Difference,
Bt_ou_37_H,POE\C01\C01V.VB,,,,,,WORD,,,VAR_EXTERNAL,DEFINITION,,37号工艺管温差,
Bt_ou_37_H,POE\C01\YXFX_COM2.GB,OUT,341,358,写,,WORD,,,VAR_EXTERNAL,GLOBAL,,37号工艺管温差,
Bt_ou_37_L,POE\C01\C01V.VB,,,,,,WORD,,,VAR_EXTERNAL,DEFINITION,,37号工艺管温差,
Bt_ou_37_L,POE\C01\YXFX_COM2.GB,OUT,325,358,写,,WORD,,,VAR_EXTERNAL,GLOBAL,,37号工艺管温差,
Bt_ou_38_DW,POE\C01\C01V.VB,,,,,,DWORD,,,VAR_EXTERNAL,DEFINITION,,No.38 Process Tube Temperature Difference,
Bt_ou_38_DW,POE\C01\YXFX_COM3.GB,IN,29,9,读,,DWORD,,,VAR_EXTERNAL,GLOBAL,,No.38 Process Tube Temperature Difference,
Bt_ou_38_H,POE\C01\C01V.VB,,,,,,WORD,,,VAR_EXTERNAL,DEFINITION,,38号工艺管温差,
Bt_ou_38_H,POE\C01\YXFX_COM3.GB,OUT,29,75,写,,WORD,,,VAR_EXTERNAL,GLOBAL,,38号工艺管温差,
Bt_ou_38_L,POE\C01\C01V.VB,,,,,,WORD,,,VAR_EXTERNAL,DEFINITION,,38号工艺管温差,
Bt_ou_38_L,POE\C01\YXFX_COM3.GB,OUT,13,75,写,,WORD,,,VAR_EXTERNAL,GLOBAL,,38号工艺管温差,
Bt_ou_39_DW,POE\C01\C01V.VB,,,,,,DWORD,,,VAR_EXTERNAL,DEFINITION,,No.39 Process Tube Temperature Difference,
Bt_ou_39_DW,POE\C01\YXFX_COM3.GB,IN,63,9,读,,DWORD,,,VAR_EXTERNAL,GLOBAL,,No.39 Process Tube Temperature Difference,
Bt_ou_39_H,POE\C01\C01V.VB,,,,,,WORD,,,VAR_EXTERNAL,DEFINITION,,39号工艺管温差,
Bt_ou_39_H,POE\C01\YXFX_COM3.GB,OUT,63,75,写,,WORD,,,VAR_EXTERNAL,GLOBAL,,39号工艺管温差,
Bt_ou_39_L,POE\C01\C01V.VB,,,,,,WORD,,,VAR_EXTERNAL,DEFINITION,,39号工艺管温差,
Bt_ou_39_L,POE\C01\YXFX_COM3.GB,OUT,47,75,写,,WORD,,,VAR_EXTERNAL,GLOBAL,,39号工艺管温差,
Bt_ou_3_DW,POE\C01\C01V.VB,,,,,,DWORD,,,VAR_EXTERNAL,DEFINITION,,No.3 Process Tube Temperature Difference,
Bt_ou_3_DW,POE\C01\YXFX_COM2.GB,IN,208,18,读,,DWORD,,,VAR_EXTERNAL,GLOBAL,,No.3 Process Tube Temperature Difference,
Bt_ou_3_H,POE\C01\C01V.VB,,,,,,WORD,,,VAR_EXTERNAL,DEFINITION,,3号工艺管温差,
Bt_ou_3_H,POE\C01\YXFX_COM2.GB,OUT,208,83,写,,WORD,,,VAR_EXTERNAL,GLOBAL,,3号工艺管温差,
Bt_ou_3_L,POE\C01\C01V.VB,,,,,,WORD,,,VAR_EXTERNAL,DEFINITION,,3号工艺管温差,
Bt_ou_3_L,POE\C01\YXFX_COM2.GB,OUT,192,83,写,,WORD,,,VAR_EXTERNAL,GLOBAL,,3号工艺管温差,
Bt_ou_40_DW,POE\C01\C01V.VB,,,,,,DWORD,,,VAR_EXTERNAL,DEFINITION,,No.40 Process Tube Temperature Difference,
Bt_ou_40_DW,POE\C01\YXFX_COM3.GB,IN,98,9,读,,DWORD,,,VAR_EXTERNAL,GLOBAL,,No.40 Process Tube Temperature Difference,
Bt_ou_40_H,POE\C01\C01V.VB,,,,,,WORD,,,VAR_EXTERNAL,DEFINITION,,40号工艺管温差,
Bt_ou_40_H,POE\C01\YXFX_COM3.GB,OUT,98,75,写,,WORD,,,VAR_EXTERNAL,GLOBAL,,40号工艺管温差,
Bt_ou_40_L,POE\C01\C01V.VB,,,,,,WORD,,,VAR_EXTERNAL,DEFINITION,,40号工艺管温差,
Bt_ou_40_L,POE\C01\YXFX_COM3.GB,OUT,82,75,写,,WORD,,,VAR_EXTERNAL,GLOBAL,,40号工艺管温差,
Bt_ou_41_DW,POE\C01\C01V.VB,,,,,,DWORD,,,VAR_EXTERNAL,DEFINITION,,No.41 Process Tube Temperature Difference,
Bt_ou_41_DW,POE\C01\YXFX_COM3.GB,IN,131,9,读,,DWORD,,,VAR_EXTERNAL,GLOBAL,,No.41 Process Tube Temperature Difference,
Bt_ou_41_H,POE\C01\C01V.VB,,,,,,WORD,,,VAR_EXTERNAL,DEFINITION,,41号工艺管温差,
Bt_ou_41_H,POE\C01\YXFX_COM3.GB,OUT,131,75,写,,WORD,,,VAR_EXTERNAL,GLOBAL,,41号工艺管温差,
Bt_ou_41_L,POE\C01\C01V.VB,,,,,,WORD,,,VAR_EXTERNAL,DEFINITION,,41号工艺管温差,
Bt_ou_41_L,POE\C01\YXFX_COM3.GB,OUT,115,75,写,,WORD,,,VAR_EXTERNAL,GLOBAL,,41号工艺管温差,
Bt_ou_42_DW,POE\C01\C01V.VB,,,,,,DWORD,,,VAR_EXTERNAL,DEFINITION,,No.42 Process Tube Temperature Difference,
Bt_ou_42_DW,POE\C01\YXFX_COM3.GB,IN,164,9,读,,DWORD,,,VAR_EXTERNAL,GLOBAL,,No.42 Process Tube Temperature Difference,
Bt_ou_42_H,POE\C01\C01V.VB,,,,,,WORD,,,VAR_EXTERNAL,DEFINITION,,42号工艺管温差,
Bt_ou_42_H,POE\C01\YXFX_COM3.GB,OUT,164,75,写,,WORD,,,VAR_EXTERNAL,GLOBAL,,42号工艺管温差,
Bt_ou_42_L,POE\C01\C01V.VB,,,,,,WORD,,,VAR_EXTERNAL,DEFINITION,,42号工艺管温差,
Bt_ou_42_L,POE\C01\YXFX_COM3.GB,OUT,148,75,写,,WORD,,,VAR_EXTERNAL,GLOBAL,,42号工艺管温差,
Bt_ou_43_DW,POE\C01\C01V.VB,,,,,,DWORD,,,VAR_EXTERNAL,DEFINITION,,No.43 Process Tube Temperature Difference,
Bt_ou_43_DW,POE\C01\YXFX_COM3.GB,IN,197,9,读,,DWORD,,,VAR_EXTERNAL,GLOBAL,,No.43 Process Tube Temperature Difference,
Bt_ou_43_H,POE\C01\C01V.VB,,,,,,WORD,,,VAR_EXTERNAL,DEFINITION,,43号工艺管温差,
Bt_ou_43_H,POE\C01\YXFX_COM3.GB,OUT,197,75,写,,WORD,,,VAR_EXTERNAL,GLOBAL,,43号工艺管温差,
Bt_ou_43_L,POE\C01\C01V.VB,,,,,,WORD,,,VAR_EXTERNAL,DEFINITION,,43号工艺管温差,
Bt_ou_43_L,POE\C01\YXFX_COM3.GB,OUT,181,75,写,,WORD,,,VAR_EXTERNAL,GLOBAL,,43号工艺管温差,
Bt_ou_44_DW,POE\C01\C01V.VB,,,,,,DWORD,,,VAR_EXTERNAL,DEFINITION,,No.44 Process Tube Temperature Difference,
Bt_ou_44_DW,POE\C01\YXFX_COM3.GB,IN,230,9,读,,DWORD,,,VAR_EXTERNAL,GLOBAL,,No.44 Process Tube Temperature Difference,
Bt_ou_44_H,POE\C01\C01V.VB,,,,,,WORD,,,VAR_EXTERNAL,DEFINITION,,44号工艺管温差,
Bt_ou_44_H,POE\C01\YXFX_COM3.GB,OUT,230,75,写,,WORD,,,VAR_EXTERNAL,GLOBAL,,44号工艺管温差,
Bt_ou_44_L,POE\C01\C01V.VB,,,,,,WORD,,,VAR_EXTERNAL,DEFINITION,,44号工艺管温差,
Bt_ou_44_L,POE\C01\YXFX_COM3.GB,OUT,214,75,写,,WORD,,,VAR_EXTERNAL,GLOBAL,,44号工艺管温差,
Bt_ou_45_DW,POE\C01\C01V.VB,,,,,,DWORD,,,VAR_EXTERNAL,DEFINITION,,No.45 Process Tube Temperature Difference,
Bt_ou_45_DW,POE\C01\YXFX_COM3.GB,IN,263,9,读,,DWORD,,,VAR_EXTERNAL,GLOBAL,,No.45 Process Tube Temperature Difference,
Bt_ou_45_H,POE\C01\C01V.VB,,,,,,WORD,,,VAR_EXTERNAL,DEFINITION,,45号工艺管温差,
Bt_ou_45_H,POE\C01\YXFX_COM3.GB,OUT,263,75,写,,WORD,,,VAR_EXTERNAL,GLOBAL,,45号工艺管温差,
Bt_ou_45_L,POE\C01\C01V.VB,,,,,,WORD,,,VAR_EXTERNAL,DEFINITION,,45号工艺管温差,
Bt_ou_45_L,POE\C01\YXFX_COM3.GB,OUT,247,75,写,,WORD,,,VAR_EXTERNAL,GLOBAL,,45号工艺管温差,
Bt_ou_46_DW,POE\C01\C01V.VB,,,,,,DWORD,,,VAR_EXTERNAL,DEFINITION,,No.46 Process Tube Temperature Difference,
Bt_ou_46_DW,POE\C01\YXFX_COM3.GB,IN,296,9,读,,DWORD,,,VAR_EXTERNAL,GLOBAL,,No.46 Process Tube Temperature Difference,
Bt_ou_46_H,POE\C01\C01V.VB,,,,,,WORD,,,VAR_EXTERNAL,DEFINITION,,46号工艺管温差,
Bt_ou_46_H,POE\C01\YXFX_COM3.GB,OUT,296,75,写,,WORD,,,VAR_EXTERNAL,GLOBAL,,46号工艺管温差,
Bt_ou_46_L,POE\C01\C01V.VB,,,,,,WORD,,,VAR_EXTERNAL,DEFINITION,,46号工艺管温差,
Bt_ou_46_L,POE\C01\YXFX_COM3.GB,OUT,280,75,写,,WORD,,,VAR_EXTERNAL,GLOBAL,,46号工艺管温差,
Bt_ou_47_DW,POE\C01\C01V.VB,,,,,,DWORD,,,VAR_EXTERNAL,DEFINITION,,No.47 Process Tube Temperature Difference,
Bt_ou_47_DW,POE\C01\YXFX_COM3.GB,IN,330,9,读,,DWORD,,,VAR_EXTERNAL,GLOBAL,,No.47 Process Tube Temperature Difference,
Bt_ou_47_H,POE\C01\C01V.VB,,,,,,WORD,,,VAR_EXTERNAL,DEFINITION,,47号工艺管温差,
Bt_ou_47_H,POE\C01\YXFX_COM3.GB,OUT,330,75,写,,WORD,,,VAR_EXTERNAL,GLOBAL,,47号工艺管温差,
Bt_ou_47_L,POE\C01\C01V.VB,,,,,,WORD,,,VAR_EXTERNAL,DEFINITION,,47号工艺管温差,
Bt_ou_47_L,POE\C01\YXFX_COM3.GB,OUT,314,75,写,,WORD,,,VAR_EXTERNAL,GLOBAL,,47号工艺管温差,
Bt_ou_48_DW,POE\C01\C01V.VB,,,,,,DWORD,,,VAR_EXTERNAL,DEFINITION,,No.48 Process Tube Temperature Difference,
Bt_ou_48_DW,POE\C01\YXFX_COM3.GB,IN,29,98,读,,DWORD,,,VAR_EXTERNAL,GLOBAL,,No.48 Process Tube Temperature Difference,
Bt_ou_48_H,POE\C01\C01V.VB,,,,,,WORD,,,VAR_EXTERNAL,DEFINITION,,48号工艺管温差,
Bt_ou_48_H,POE\C01\YXFX_COM3.GB,OUT,29,164,写,,WORD,,,VAR_EXTERNAL,GLOBAL,,48号工艺管温差,
Bt_ou_48_L,POE\C01\C01V.VB,,,,,,WORD,,,VAR_EXTERNAL,DEFINITION,,48号工艺管温差,
Bt_ou_48_L,POE\C01\YXFX_COM3.GB,OUT,13,164,写,,WORD,,,VAR_EXTERNAL,GLOBAL,,48号工艺管温差,
Bt_ou_49_DW,POE\C01\C01V.VB,,,,,,DWORD,,,VAR_EXTERNAL,DEFINITION,,No.49 Process Tube Temperature Difference,
Bt_ou_49_DW,POE\C01\YXFX_COM3.GB,IN,63,98,读,,DWORD,,,VAR_EXTERNAL,GLOBAL,,No.49 Process Tube Temperature Difference,
Bt_ou_49_H,POE\C01\C01V.VB,,,,,,WORD,,,VAR_EXTERNAL,DEFINITION,,49号工艺管温差,
Bt_ou_49_H,POE\C01\YXFX_COM3.GB,OUT,63,164,写,,WORD,,,VAR_EXTERNAL,GLOBAL,,49号工艺管温差,
Bt_ou_49_L,POE\C01\C01V.VB,,,,,,WORD,,,VAR_EXTERNAL,DEFINITION,,49号工艺管温差,
Bt_ou_49_L,POE\C01\YXFX_COM3.GB,OUT,47,164,写,,WORD,,,VAR_EXTERNAL,GLOBAL,,49号工艺管温差,
Bt_ou_4_DW,POE\C01\C01V.VB,,,,,,DWORD,,,VAR_EXTERNAL,DEFINITION,,No.4 Process Tube Temperature Difference,
Bt_ou_4_DW,POE\C01\YXFX_COM2.GB,IN,241,18,读,,DWORD,,,VAR_EXTERNAL,GLOBAL,,No.4 Process Tube Temperature Difference,
Bt_ou_4_H,POE\C01\C01V.VB,,,,,,WORD,,,VAR_EXTERNAL,DEFINITION,,4号工艺管温差,
Bt_ou_4_H,POE\C01\YXFX_COM2.GB,OUT,241,83,写,,WORD,,,VAR_EXTERNAL,GLOBAL,,4号工艺管温差,
Bt_ou_4_L,POE\C01\C01V.VB,,,,,,WORD,,,VAR_EXTERNAL,DEFINITION,,4号工艺管温差,
Bt_ou_4_L,POE\C01\YXFX_COM2.GB,OUT,225,83,写,,WORD,,,VAR_EXTERNAL,GLOBAL,,4号工艺管温差,
Bt_ou_50_DW,POE\C01\C01V.VB,,,,,,DWORD,,,VAR_EXTERNAL,DEFINITION,,No.50 Process Tube Temperature Difference,
Bt_ou_50_DW,POE\C01\YXFX_COM3.GB,IN,98,98,读,,DWORD,,,VAR_EXTERNAL,GLOBAL,,No.50 Process Tube Temperature Difference,
Bt_ou_50_H,POE\C01\C01V.VB,,,,,,WORD,,,VAR_EXTERNAL,DEFINITION,,50号工艺管温差,
Bt_ou_50_H,POE\C01\YXFX_COM3.GB,OUT,98,164,写,,WORD,,,VAR_EXTERNAL,GLOBAL,,50号工艺管温差,
Bt_ou_50_L,POE\C01\C01V.VB,,,,,,WORD,,,VAR_EXTERNAL,DEFINITION,,50号工艺管温差,
Bt_ou_50_L,POE\C01\YXFX_COM3.GB,OUT,82,164,写,,WORD,,,VAR_EXTERNAL,GLOBAL,,50号工艺管温差,
Bt_ou_51_DW,POE\C01\C01V.VB,,,,,,DWORD,,,VAR_EXTERNAL,DEFINITION,,No.51 Process Tube Temperature Difference,
Bt_ou_51_DW,POE\C01\YXFX_COM3.GB,IN,131,98,读,,DWORD,,,VAR_EXTERNAL,GLOBAL,,No.51 Process Tube Temperature Difference,
Bt_ou_51_H,POE\C01\C01V.VB,,,,,,WORD,,,VAR_EXTERNAL,DEFINITION,,51号工艺管温差,
Bt_ou_51_H,POE\C01\YXFX_COM3.GB,OUT,131,164,写,,WORD,,,VAR_EXTERNAL,GLOBAL,,51号工艺管温差,
Bt_ou_51_L,POE\C01\C01V.VB,,,,,,WORD,,,VAR_EXTERNAL,DEFINITION,,51号工艺管温差,
Bt_ou_51_L,POE\C01\YXFX_COM3.GB,OUT,115,164,写,,WORD,,,VAR_EXTERNAL,GLOBAL,,51号工艺管温差,
Bt_ou_52_DW,POE\C01\C01V.VB,,,,,,DWORD,,,VAR_EXTERNAL,DEFINITION,,No.52 Process Tube Temperature Difference,
Bt_ou_52_DW,POE\C01\YXFX_COM3.GB,IN,164,98,读,,DWORD,,,VAR_EXTERNAL,GLOBAL,,No.52 Process Tube Temperature Difference,
Bt_ou_52_H,POE\C01\C01V.VB,,,,,,WORD,,,VAR_EXTERNAL,DEFINITION,,52号工艺管温差,
Bt_ou_52_H,POE\C01\YXFX_COM3.GB,OUT,164,164,写,,WORD,,,VAR_EXTERNAL,GLOBAL,,52号工艺管温差,
Bt_ou_52_L,POE\C01\C01V.VB,,,,,,WORD,,,VAR_EXTERNAL,DEFINITION,,52号工艺管温差,
Bt_ou_52_L,POE\C01\YXFX_COM3.GB,OUT,148,164,写,,WORD,,,VAR_EXTERNAL,GLOBAL,,52号工艺管温差,
Bt_ou_53_DW,POE\C01\C01V.VB,,,,,,DWORD,,,VAR_EXTERNAL,DEFINITION,,No.53 Process Tube Temperature Difference,
Bt_ou_53_DW,POE\C01\YXFX_COM3.GB,IN,197,98,读,,DWORD,,,VAR_EXTERNAL,GLOBAL,,No.53 Process Tube Temperature Difference,
Bt_ou_53_H,POE\C01\C01V.VB,,,,,,WORD,,,VAR_EXTERNAL,DEFINITION,,53号工艺管温差,
Bt_ou_53_H,POE\C01\YXFX_COM3.GB,OUT,197,164,写,,WORD,,,VAR_EXTERNAL,GLOBAL,,53号工艺管温差,
Bt_ou_53_L,POE\C01\C01V.VB,,,,,,WORD,,,VAR_EXTERNAL,DEFINITION,,53号工艺管温差,
Bt_ou_53_L,POE\C01\YXFX_COM3.GB,OUT,181,164,写,,WORD,,,VAR_EXTERNAL,GLOBAL,,53号工艺管温差,
Bt_ou_54_DW,POE\C01\C01V.VB,,,,,,DWORD,,,VAR_EXTERNAL,DEFINITION,,No.54 Process Tube Temperature Difference,
Bt_ou_54_DW,POE\C01\YXFX_COM3.GB,IN,230,98,读,,DWORD,,,VAR_EXTERNAL,GLOBAL,,No.54 Process Tube Temperature Difference,
Bt_ou_54_H,POE\C01\C01V.VB,,,,,,WORD,,,VAR_EXTERNAL,DEFINITION,,54号工艺管温差,
Bt_ou_54_H,POE\C01\YXFX_COM3.GB,OUT,230,164,写,,WORD,,,VAR_EXTERNAL,GLOBAL,,54号工艺管温差,
Bt_ou_54_L,POE\C01\C01V.VB,,,,,,WORD,,,VAR_EXTERNAL,DEFINITION,,54号工艺管温差,
Bt_ou_54_L,POE\C01\YXFX_COM3.GB,OUT,214,164,写,,WORD,,,VAR_EXTERNAL,GLOBAL,,54号工艺管温差,
Bt_ou_55_DW,POE\C01\C01V.VB,,,,,,DWORD,,,VAR_EXTERNAL,DEFINITION,,No.55 Process Tube Temperature Difference,
Bt_ou_55_DW,POE\C01\YXFX_COM3.GB,IN,263,98,读,,DWORD,,,VAR_EXTERNAL,GLOBAL,,No.55 Process Tube Temperature Difference,
Bt_ou_55_H,POE\C01\C01V.VB,,,,,,WORD,,,VAR_EXTERNAL,DEFINITION,,55号工艺管温差,
Bt_ou_55_H,POE\C01\YXFX_COM3.GB,OUT,263,164,写,,WORD,,,VAR_EXTERNAL,GLOBAL,,55号工艺管温差,
Bt_ou_55_L,POE\C01\C01V.VB,,,,,,WORD,,,VAR_EXTERNAL,DEFINITION,,55号工艺管温差,
Bt_ou_55_L,POE\C01\YXFX_COM3.GB,OUT,247,164,写,,WORD,,,VAR_EXTERNAL,GLOBAL,,55号工艺管温差,
Bt_ou_56_DW,POE\C01\C01V.VB,,,,,,DWORD,,,VAR_EXTERNAL,DEFINITION,,No.56 Process Tube Temperature Difference,
Bt_ou_56_DW,POE\C01\YXFX_COM3.GB,IN,296,98,读,,DWORD,,,VAR_EXTERNAL,GLOBAL,,No.56 Process Tube Temperature Difference,
Bt_ou_56_H,POE\C01\C01V.VB,,,,,,WORD,,,VAR_EXTERNAL,DEFINITION,,56号工艺管温差,
Bt_ou_56_H,POE\C01\YXFX_COM3.GB,OUT,296,164,写,,WORD,,,VAR_EXTERNAL,GLOBAL,,56号工艺管温差,
Bt_ou_56_L,POE\C01\C01V.VB,,,,,,WORD,,,VAR_EXTERNAL,DEFINITION,,56号工艺管温差,
Bt_ou_56_L,POE\C01\YXFX_COM3.GB,OUT,280,164,写,,WORD,,,VAR_EXTERNAL,GLOBAL,,56号工艺管温差,
Bt_ou_57_DW,POE\C01\C01V.VB,,,,,,DWORD,,,VAR_EXTERNAL,DEFINITION,,No.57 Process Tube Temperature Difference,
Bt_ou_57_DW,POE\C01\YXFX_COM3.GB,IN,330,98,读,,DWORD,,,VAR_EXTERNAL,GLOBAL,,No.57 Process Tube Temperature Difference,
Bt_ou_57_H,POE\C01\C01V.VB,,,,,,WORD,,,VAR_EXTERNAL,DEFINITION,,57号工艺管温差,
Bt_ou_57_H,POE\C01\YXFX_COM3.GB,OUT,330,164,写,,WORD,,,VAR_EXTERNAL,GLOBAL,,57号工艺管温差,
Bt_ou_57_L,POE\C01\C01V.VB,,,,,,WORD,,,VAR_EXTERNAL,DEFINITION,,57号工艺管温差,
Bt_ou_57_L,POE\C01\YXFX_COM3.GB,OUT,314,164,写,,WORD,,,VAR_EXTERNAL,GLOBAL,,57号工艺管温差,
Bt_ou_58_DW,POE\C01\C01V.VB,,,,,,DWORD,,,VAR_EXTERNAL,DEFINITION,,No.58 Process Tube Temperature Difference,
Bt_ou_58_DW,POE\C01\YXFX_COM3.GB,IN,29,187,读,,DWORD,,,VAR_EXTERNAL,GLOBAL,,No.58 Process Tube Temperature Difference,
Bt_ou_58_H,POE\C01\C01V.VB,,,,,,WORD,,,VAR_EXTERNAL,DEFINITION,,58号工艺管温差,
Bt_ou_58_H,POE\C01\YXFX_COM3.GB,OUT,29,253,写,,WORD,,,VAR_EXTERNAL,GLOBAL,,58号工艺管温差,
Bt_ou_58_L,POE\C01\C01V.VB,,,,,,WORD,,,VAR_EXTERNAL,DEFINITION,,58号工艺管温差,
Bt_ou_58_L,POE\C01\YXFX_COM3.GB,OUT,13,253,写,,WORD,,,VAR_EXTERNAL,GLOBAL,,58号工艺管温差,
Bt_ou_59_DW,POE\C01\C01V.VB,,,,,,DWORD,,,VAR_EXTERNAL,DEFINITION,,No.59 Process Tube Temperature Difference,
Bt_ou_59_DW,POE\C01\YXFX_COM3.GB,IN,63,187,读,,DWORD,,,VAR_EXTERNAL,GLOBAL,,No.59 Process Tube Temperature Difference,
Bt_ou_59_H,POE\C01\C01V.VB,,,,,,WORD,,,VAR_EXTERNAL,DEFINITION,,59号工艺管温差,
Bt_ou_59_H,POE\C01\YXFX_COM3.GB,OUT,63,253,写,,WORD,,,VAR_EXTERNAL,GLOBAL,,59号工艺管温差,
Bt_ou_59_L,POE\C01\C01V.VB,,,,,,WORD,,,VAR_EXTERNAL,DEFINITION,,59号工艺管温差,
Bt_ou_59_L,POE\C01\YXFX_COM3.GB,OUT,47,253,写,,WORD,,,VAR_EXTERNAL,GLOBAL,,59号工艺管温差,
Bt_ou_5_DW,POE\C01\C01V.VB,,,,,,DWORD,,,VAR_EXTERNAL,DEFINITION,,No.5 Process Tube Temperature Difference,
Bt_ou_5_DW,POE\C01\YXFX_COM2.GB,IN,274,18,读,,DWORD,,,VAR_EXTERNAL,GLOBAL,,No.5 Process Tube Temperature Difference,
Bt_ou_5_H,POE\C01\C01V.VB,,,,,,WORD,,,VAR_EXTERNAL,DEFINITION,,5号工艺管温差,
Bt_ou_5_H,POE\C01\YXFX_COM2.GB,OUT,274,83,写,,WORD,,,VAR_EXTERNAL,GLOBAL,,5号工艺管温差,
Bt_ou_5_L,POE\C01\C01V.VB,,,,,,WORD,,,VAR_EXTERNAL,DEFINITION,,5号工艺管温差,
Bt_ou_5_L,POE\C01\YXFX_COM2.GB,OUT,258,83,写,,WORD,,,VAR_EXTERNAL,GLOBAL,,5号工艺管温差,
Bt_ou_60_DW,POE\C01\C01V.VB,,,,,,DWORD,,,VAR_EXTERNAL,DEFINITION,,No.60 Process Tube Temperature Difference,
Bt_ou_60_DW,POE\C01\YXFX_COM3.GB,IN,98,187,读,,DWORD,,,VAR_EXTERNAL,GLOBAL,,No.60 Process Tube Temperature Difference,
Bt_ou_60_H,POE\C01\C01V.VB,,,,,,WORD,,,VAR_EXTERNAL,DEFINITION,,60号工艺管温差,
Bt_ou_60_H,POE\C01\YXFX_COM3.GB,OUT,98,253,写,,WORD,,,VAR_EXTERNAL,GLOBAL,,60号工艺管温差,
Bt_ou_60_L,POE\C01\C01V.VB,,,,,,WORD,,,VAR_EXTERNAL,DEFINITION,,60号工艺管温差,
Bt_ou_60_L,POE\C01\YXFX_COM3.GB,OUT,82,253,写,,WORD,,,VAR_EXTERNAL,GLOBAL,,60号工艺管温差,
Bt_ou_61_DW,POE\C01\C01V.VB,,,,,,DWORD,,,VAR_EXTERNAL,DEFINITION,,No.61 Process Tube Temperature Difference,
Bt_ou_61_DW,POE\C01\YXFX_COM3.GB,IN,131,187,读,,DWORD,,,VAR_EXTERNAL,GLOBAL,,No.61 Process Tube Temperature Difference,
Bt_ou_61_H,POE\C01\C01V.VB,,,,,,WORD,,,VAR_EXTERNAL,DEFINITION,,61号工艺管温差,
Bt_ou_61_H,POE\C01\YXFX_COM3.GB,OUT,131,253,写,,WORD,,,VAR_EXTERNAL,GLOBAL,,61号工艺管温差,
Bt_ou_61_L,POE\C01\C01V.VB,,,,,,WORD,,,VAR_EXTERNAL,DEFINITION,,61号工艺管温差,
Bt_ou_61_L,POE\C01\YXFX_COM3.GB,OUT,115,253,写,,WORD,,,VAR_EXTERNAL,GLOBAL,,61号工艺管温差,
Bt_ou_62_DW,POE\C01\C01V.VB,,,,,,DWORD,,,VAR_EXTERNAL,DEFINITION,,No.62 Process Tube Temperature Difference,
Bt_ou_62_DW,POE\C01\YXFX_COM3.GB,IN,164,187,读,,DWORD,,,VAR_EXTERNAL,GLOBAL,,No.62 Process Tube Temperature Difference,
Bt_ou_62_H,POE\C01\C01V.VB,,,,,,WORD,,,VAR_EXTERNAL,DEFINITION,,62号工艺管温差,
Bt_ou_62_H,POE\C01\YXFX_COM3.GB,OUT,164,253,写,,WORD,,,VAR_EXTERNAL,GLOBAL,,62号工艺管温差,
Bt_ou_62_L,POE\C01\C01V.VB,,,,,,WORD,,,VAR_EXTERNAL,DEFINITION,,62号工艺管温差,
Bt_ou_62_L,POE\C01\YXFX_COM3.GB,OUT,148,253,写,,WORD,,,VAR_EXTERNAL,GLOBAL,,62号工艺管温差,
Bt_ou_63_DW,POE\C01\C01V.VB,,,,,,DWORD,,,VAR_EXTERNAL,DEFINITION,,No.63 Process Tube Temperature Difference,
Bt_ou_63_DW,POE\C01\YXFX_COM3.GB,IN,197,187,读,,DWORD,,,VAR_EXTERNAL,GLOBAL,,No.63 Process Tube Temperature Difference,
Bt_ou_63_H,POE\C01\C01V.VB,,,,,,WORD,,,VAR_EXTERNAL,DEFINITION,,63号工艺管温差,
Bt_ou_63_H,POE\C01\YXFX_COM3.GB,OUT,197,253,写,,WORD,,,VAR_EXTERNAL,GLOBAL,,63号工艺管温差,
Bt_ou_63_L,POE\C01\C01V.VB,,,,,,WORD,,,VAR_EXTERNAL,DEFINITION,,63号工艺管温差,
Bt_ou_63_L,POE\C01\YXFX_COM3.GB,OUT,181,253,写,,WORD,,,VAR_EXTERNAL,GLOBAL,,63号工艺管温差,
Bt_ou_64_DW,POE\C01\C01V.VB,,,,,,DWORD,,,VAR_EXTERNAL,DEFINITION,,No.64 Process Tube Temperature Difference,
Bt_ou_64_DW,POE\C01\YXFX_COM3.GB,IN,230,187,读,,DWORD,,,VAR_EXTERNAL,GLOBAL,,No.64 Process Tube Temperature Difference,
Bt_ou_64_H,POE\C01\C01V.VB,,,,,,WORD,,,VAR_EXTERNAL,DEFINITION,,64号工艺管温差,
Bt_ou_64_H,POE\C01\YXFX_COM3.GB,OUT,230,253,写,,WORD,,,VAR_EXTERNAL,GLOBAL,,64号工艺管温差,
Bt_ou_64_L,POE\C01\C01V.VB,,,,,,WORD,,,VAR_EXTERNAL,DEFINITION,,64号工艺管温差,
Bt_ou_64_L,POE\C01\YXFX_COM3.GB,OUT,214,253,写,,WORD,,,VAR_EXTERNAL,GLOBAL,,64号工艺管温差,
Bt_ou_65_DW,POE\C01\C01V.VB,,,,,,DWORD,,,VAR_EXTERNAL,DEFINITION,,No.65 Process Tube Temperature Difference,
Bt_ou_65_DW,POE\C01\YXFX_COM3.GB,IN,263,187,读,,DWORD,,,VAR_EXTERNAL,GLOBAL,,No.65 Process Tube Temperature Difference,
Bt_ou_65_H,POE\C01\C01V.VB,,,,,,WORD,,,VAR_EXTERNAL,DEFINITION,,65号工艺管温差,
Bt_ou_65_H,POE\C01\YXFX_COM3.GB,OUT,263,253,写,,WORD,,,VAR_EXTERNAL,GLOBAL,,65号工艺管温差,
Bt_ou_65_L,POE\C01\C01V.VB,,,,,,WORD,,,VAR_EXTERNAL,DEFINITION,,65号工艺管温差,
Bt_ou_65_L,POE\C01\YXFX_COM3.GB,OUT,247,253,写,,WORD,,,VAR_EXTERNAL,GLOBAL,,65号工艺管温差,
Bt_ou_66_DW,POE\C01\C01V.VB,,,,,,DWORD,,,VAR_EXTERNAL,DEFINITION,,No.66 Process Tube Temperature Difference,
Bt_ou_66_DW,POE\C01\YXFX_COM3.GB,IN,296,187,读,,DWORD,,,VAR_EXTERNAL,GLOBAL,,No.66 Process Tube Temperature Difference,
Bt_ou_66_H,POE\C01\C01V.VB,,,,,,WORD,,,VAR_EXTERNAL,DEFINITION,,66号工艺管温差,
Bt_ou_66_H,POE\C01\YXFX_COM3.GB,OUT,296,253,写,,WORD,,,VAR_EXTERNAL,GLOBAL,,66号工艺管温差,
Bt_ou_66_L,POE\C01\C01V.VB,,,,,,WORD,,,VAR_EXTERNAL,DEFINITION,,66号工艺管温差,
Bt_ou_66_L,POE\C01\YXFX_COM3.GB,OUT,280,253,写,,WORD,,,VAR_EXTERNAL,GLOBAL,,66号工艺管温差,
Bt_ou_67_DW,POE\C01\C01V.VB,,,,,,DWORD,,,VAR_EXTERNAL,DEFINITION,,No.67 Process Tube Temperature Difference,
Bt_ou_67_DW,POE\C01\YXFX_COM3.GB,IN,330,187,读,,DWORD,,,VAR_EXTERNAL,GLOBAL,,No.67 Process Tube Temperature Difference,
Bt_ou_67_H,POE\C01\C01V.VB,,,,,,WORD,,,VAR_EXTERNAL,DEFINITION,,67号工艺管温差,
Bt_ou_67_H,POE\C01\YXFX_COM3.GB,OUT,330,253,写,,WORD,,,VAR_EXTERNAL,GLOBAL,,67号工艺管温差,
Bt_ou_67_L,POE\C01\C01V.VB,,,,,,WORD,,,VAR_EXTERNAL,DEFINITION,,67号工艺管温差,
Bt_ou_67_L,POE\C01\YXFX_COM3.GB,OUT,314,253,写,,WORD,,,VAR_EXTERNAL,GLOBAL,,67号工艺管温差,
Bt_ou_68_DW,POE\C01\C01V.VB,,,,,,DWORD,,,VAR_EXTERNAL,DEFINITION,,No.68 Process Tube Temperature Difference,
Bt_ou_68_DW,POE\C01\YXFX_COM3.GB,IN,29,277,读,,DWORD,,,VAR_EXTERNAL,GLOBAL,,No.68 Process Tube Temperature Difference,
Bt_ou_68_H,POE\C01\C01V.VB,,,,,,WORD,,,VAR_EXTERNAL,DEFINITION,,68号工艺管温差,
Bt_ou_68_H,POE\C01\YXFX_COM3.GB,OUT,29,343,写,,WORD,,,VAR_EXTERNAL,GLOBAL,,68号工艺管温差,
Bt_ou_68_L,POE\C01\C01V.VB,,,,,,WORD,,,VAR_EXTERNAL,DEFINITION,,68号工艺管温差,
Bt_ou_68_L,POE\C01\YXFX_COM3.GB,OUT,13,343,写,,WORD,,,VAR_EXTERNAL,GLOBAL,,68号工艺管温差,
Bt_ou_69_DW,POE\C01\C01V.VB,,,,,,DWORD,,,VAR_EXTERNAL,DEFINITION,,No.69 Process Tube Temperature Difference,
Bt_ou_69_DW,POE\C01\YXFX_COM3.GB,IN,63,277,读,,DWORD,,,VAR_EXTERNAL,GLOBAL,,No.69 Process Tube Temperature Difference,
Bt_ou_69_H,POE\C01\C01V.VB,,,,,,WORD,,,VAR_EXTERNAL,DEFINITION,,69号工艺管温差,
Bt_ou_69_H,POE\C01\YXFX_COM3.GB,OUT,63,343,写,,WORD,,,VAR_EXTERNAL,GLOBAL,,69号工艺管温差,
Bt_ou_69_L,POE\C01\C01V.VB,,,,,,WORD,,,VAR_EXTERNAL,DEFINITION,,69号工艺管温差,
Bt_ou_69_L,POE\C01\YXFX_COM3.GB,OUT,47,343,写,,WORD,,,VAR_EXTERNAL,GLOBAL,,69号工艺管温差,
Bt_ou_6_DW,POE\C01\C01V.VB,,,,,,DWORD,,,VAR_EXTERNAL,DEFINITION,,No.6 Process Tube Temperature Difference,
Bt_ou_6_DW,POE\C01\YXFX_COM2.GB,IN,307,18,读,,DWORD,,,VAR_EXTERNAL,GLOBAL,,No.6 Process Tube Temperature Difference,
Bt_ou_6_H,POE\C01\C01V.VB,,,,,,WORD,,,VAR_EXTERNAL,DEFINITION,,6号工艺管温差,
Bt_ou_6_H,POE\C01\YXFX_COM2.GB,OUT,307,83,写,,WORD,,,VAR_EXTERNAL,GLOBAL,,6号工艺管温差,
Bt_ou_6_L,POE\C01\C01V.VB,,,,,,WORD,,,VAR_EXTERNAL,DEFINITION,,6号工艺管温差,
Bt_ou_6_L,POE\C01\YXFX_COM2.GB,OUT,291,83,写,,WORD,,,VAR_EXTERNAL,GLOBAL,,6号工艺管温差,
Bt_ou_70_DW,POE\C01\C01V.VB,,,,,,DWORD,,,VAR_EXTERNAL,DEFINITION,,No.70 Process Tube Temperature Difference,
Bt_ou_70_DW,POE\C01\YXFX_COM3.GB,IN,98,277,读,,DWORD,,,VAR_EXTERNAL,GLOBAL,,No.70 Process Tube Temperature Difference,
Bt_ou_70_H,POE\C01\C01V.VB,,,,,,WORD,,,VAR_EXTERNAL,DEFINITION,,70号工艺管温差,
Bt_ou_70_H,POE\C01\YXFX_COM3.GB,OUT,98,343,写,,WORD,,,VAR_EXTERNAL,GLOBAL,,70号工艺管温差,
Bt_ou_70_L,POE\C01\C01V.VB,,,,,,WORD,,,VAR_EXTERNAL,DEFINITION,,70号工艺管温差,
Bt_ou_70_L,POE\C01\YXFX_COM3.GB,OUT,82,343,写,,WORD,,,VAR_EXTERNAL,GLOBAL,,70号工艺管温差,
Bt_ou_71_DW,POE\C01\C01V.VB,,,,,,DWORD,,,VAR_EXTERNAL,DEFINITION,,No.71 Process Tube Temperature Difference,
Bt_ou_71_DW,POE\C01\YXFX_COM3.GB,IN,131,277,读,,DWORD,,,VAR_EXTERNAL,GLOBAL,,No.71 Process Tube Temperature Difference,
Bt_ou_71_H,POE\C01\C01V.VB,,,,,,WORD,,,VAR_EXTERNAL,DEFINITION,,71号工艺管温差,
Bt_ou_71_H,POE\C01\YXFX_COM3.GB,OUT,131,343,写,,WORD,,,VAR_EXTERNAL,GLOBAL,,71号工艺管温差,
Bt_ou_71_L,POE\C01\C01V.VB,,,,,,WORD,,,VAR_EXTERNAL,DEFINITION,,71号工艺管温差,
Bt_ou_71_L,POE\C01\YXFX_COM3.GB,OUT,115,343,写,,WORD,,,VAR_EXTERNAL,GLOBAL,,71号工艺管温差,
Bt_ou_72_DW,POE\C01\C01V.VB,,,,,,DWORD,,,VAR_EXTERNAL,DEFINITION,,No.72 Process Tube Temperature Difference,
Bt_ou_72_DW,POE\C01\YXFX_COM3.GB,IN,164,277,读,,DWORD,,,VAR_EXTERNAL,GLOBAL,,No.72 Process Tube Temperature Difference,
Bt_ou_72_H,POE\C01\C01V.VB,,,,,,WORD,,,VAR_EXTERNAL,DEFINITION,,72号工艺管温差,
Bt_ou_72_H,POE\C01\YXFX_COM3.GB,OUT,164,343,写,,WORD,,,VAR_EXTERNAL,GLOBAL,,72号工艺管温差,
Bt_ou_72_L,POE\C01\C01V.VB,,,,,,WORD,,,VAR_EXTERNAL,DEFINITION,,72号工艺管温差,
Bt_ou_72_L,POE\C01\YXFX_COM3.GB,OUT,148,343,写,,WORD,,,VAR_EXTERNAL,GLOBAL,,72号工艺管温差,
Bt_ou_7_DW,POE\C01\C01V.VB,,,,,,DWORD,,,VAR_EXTERNAL,DEFINITION,,No.7 Process Tube Temperature Difference,
Bt_ou_7_DW,POE\C01\YXFX_COM2.GB,IN,341,18,读,,DWORD,,,VAR_EXTERNAL,GLOBAL,,No.7 Process Tube Temperature Difference,
Bt_ou_7_H,POE\C01\C01V.VB,,,,,,WORD,,,VAR_EXTERNAL,DEFINITION,,7号工艺管温差,
Bt_ou_7_H,POE\C01\YXFX_COM2.GB,OUT,341,83,写,,WORD,,,VAR_EXTERNAL,GLOBAL,,7号工艺管温差,
Bt_ou_7_L,POE\C01\C01V.VB,,,,,,WORD,,,VAR_EXTERNAL,DEFINITION,,7号工艺管温差,
Bt_ou_7_L,POE\C01\YXFX_COM2.GB,OUT,325,83,写,,WORD,,,VAR_EXTERNAL,GLOBAL,,7号工艺管温差,
Bt_ou_8_DW,POE\C01\C01V.VB,,,,,,DWORD,,,VAR_EXTERNAL,DEFINITION,,No.8 Process Tube Temperature Difference,
Bt_ou_8_DW,POE\C01\YXFX_COM2.GB,IN,40,110,读,,DWORD,,,VAR_EXTERNAL,GLOBAL,,No.8 Process Tube Temperature Difference,
Bt_ou_8_H,POE\C01\C01V.VB,,,,,,WORD,,,VAR_EXTERNAL,DEFINITION,,8号工艺管温差,
Bt_ou_8_H,POE\C01\YXFX_COM2.GB,OUT,40,175,写,,WORD,,,VAR_EXTERNAL,GLOBAL,,8号工艺管温差,
Bt_ou_8_L,POE\C01\C01V.VB,,,,,,WORD,,,VAR_EXTERNAL,DEFINITION,,8号工艺管温差,
Bt_ou_8_L,POE\C01\YXFX_COM2.GB,OUT,24,175,写,,WORD,,,VAR_EXTERNAL,GLOBAL,,8号工艺管温差,
Bt_ou_9_DW,POE\C01\C01V.VB,,,,,,DWORD,,,VAR_EXTERNAL,DEFINITION,,No.9 Process Tube Temperature Difference,
Bt_ou_9_DW,POE\C01\YXFX_COM2.GB,IN,74,110,读,,DWORD,,,VAR_EXTERNAL,GLOBAL,,No.9 Process Tube Temperature Difference,
Bt_ou_9_H,POE\C01\C01V.VB,,,,,,WORD,,,VAR_EXTERNAL,DEFINITION,,9号工艺管温差,
Bt_ou_9_H,POE\C01\YXFX_COM2.GB,OUT,74,175,写,,WORD,,,VAR_EXTERNAL,GLOBAL,,9号工艺管温差,
Bt_ou_9_L,POE\C01\C01V.VB,,,,,,WORD,,,VAR_EXTERNAL,DEFINITION,,9号工艺管温差,
Bt_ou_9_L,POE\C01\YXFX_COM2.GB,OUT,58,175,写,,WORD,,,VAR_EXTERNAL,GLOBAL,,9号工艺管温差,
Bt_ou_DW,POE\C01\C01V.VB,,,,,,DWORD,,,VAR_EXTERNAL,DEFINITION,,Reactor Coolant Temperature Difference,
Bt_ou_DW,POE\C01\YXFX_COM2.GB,IN,109,20,读,,DWORD,,,VAR_EXTERNAL,GLOBAL,,Reactor Coolant Temperature Difference,
Bt_ou_H,POE\C01\C01V.VB,,,,,,WORD,,,VAR_EXTERNAL,DEFINITION,,反应堆重水进出口温差,
Bt_ou_H,POE\C01\YXFX_COM2.GB,OUT,109,83,写,,WORD,,,VAR_EXTERNAL,GLOBAL,,反应堆重水进出口温差,
Bt_ou_L,POE\C01\C01V.VB,,,,,,WORD,,,VAR_EXTERNAL,DEFINITION,,反应堆重水进出口温差,
Bt_ou_L,POE\C01\YXFX_COM2.GB,OUT,93,83,写,,WORD,,,VAR_EXTERNAL,GLOBAL,,反应堆重水进出口温差,
BTd064,POE\C01\BTd064.GB,OUT,22,77,写,,REAL,,,VAR_EXTERNAL,GLOBAL,,,
BTd064,POE\C01\C01V.VB,,,,,,REAL,,,VAR_EXTERNAL,DEFINITION,,,
BTd064md,POE\C01\BTd064.GB,IN,42,34,读,,REAL,,,VAR,LOCAL,,,
BTd064md,POE\C01\C01V.VB,,,,,,REAL,,,VAR,DEFINITION,,,
BTd064mu,POE\C01\BTd064.GB,IN,38,34,读,,REAL,,,VAR,LOCAL,,,
BTd064mu,POE\C01\C01V.VB,,,,,,REAL,,,VAR,DEFINITION,,,
BTd074,POE\C01\BTd074.GB,OUT,30,81,写,,REAL,,,VAR_EXTERNAL,GLOBAL,,,
BTd074,POE\C01\C01V.VB,,,,,,REAL,,,VAR_EXTERNAL,DEFINITION,,,
BTd074md,POE\C01\BTd074.GB,IN,50,40,读,,REAL,,,VAR,LOCAL,,,
BTd074md,POE\C01\C01V.VB,,,,,,REAL,,,VAR,DEFINITION,,,
BTd074mu,POE\C01\BTd074.GB,IN,46,40,读,,REAL,,,VAR,LOCAL,,,
BTd074mu,POE\C01\C01V.VB,,,,,,REAL,,,VAR,DEFINITION,,,
BTd084,POE\C01\BTd084.GB,OUT,27,74,写,,REAL,,,VAR_EXTERNAL,GLOBAL,,,
BTd084,POE\C01\C01V.VB,,,,,,REAL,,,VAR_EXTERNAL,DEFINITION,,,
BTd084md,POE\C01\BTd084.GB,IN,47,27,读,,REAL,,,VAR,LOCAL,,,
BTd084md,POE\C01\C01V.VB,,,,,,REAL,,,VAR,DEFINITION,,,
BTd084mu,POE\C01\BTd084.GB,IN,43,27,读,,REAL,,,VAR,LOCAL,,,
BTd084mu,POE\C01\C01V.VB,,,,,,REAL,,,VAR,DEFINITION,,,
BTd094,POE\C01\BTd094.GB,OUT,26,75,写,,REAL,,,VAR_EXTERNAL,GLOBAL,,,
BTd094,POE\C01\C01V.VB,,,,,,REAL,,,VAR_EXTERNAL,DEFINITION,,,
BTd094md,POE\C01\BTd094.GB,IN,46,35,读,,REAL,,,VAR,LOCAL,,,
BTd094md,POE\C01\C01V.VB,,,,,,REAL,,,VAR,DEFINITION,,,
BTd094mu,POE\C01\BTd094.GB,IN,42,35,读,,REAL,,,VAR,LOCAL,,,
BTd094mu,POE\C01\C01V.VB,,,,,,REAL,,,VAR,DEFINITION,,,
BTd126,POE\C01\BTd126.GB,OUT,25,69,写,,REAL,,,VAR_EXTERNAL,GLOBAL,,,
BTd126,POE\C01\C01V.VB,,,,,,REAL,,,VAR_EXTERNAL,DEFINITION,,,
BTd126md,POE\C01\BTd126.GB,IN,45,35,读,,REAL,,,VAR,LOCAL,,,
BTd126md,POE\C01\C01V.VB,,,,,,REAL,,,VAR,DEFINITION,,,
BTd126mu,POE\C01\BTd126.GB,IN,41,35,读,,REAL,,,VAR,LOCAL,,,
BTd126mu,POE\C01\C01V.VB,,,,,,REAL,,,VAR,DEFINITION,,,
BTE062_AV,POE\C01\BTd064.GB,IN,18,11,读,,REAL,,,VAR_EXTERNAL,GLOBAL,,,
BTE062_AV,POE\C01\C01V.VB,,,,,,REAL,,,VAR_EXTERNAL,DEFINITION,,,
BTE063_AV,POE\C01\BTd064.GB,IN,22,11,读,,REAL,,,VAR_EXTERNAL,GLOBAL,,,
BTE063_AV,POE\C01\C01V.VB,,,,,,REAL,,,VAR_EXTERNAL,DEFINITION,,,
BTE072_AV,POE\C01\BTd074.GB,IN,26,13,读,,REAL,,,VAR_EXTERNAL,GLOBAL,,,
BTE072_AV,POE\C01\C01V.VB,,,,,,REAL,,,VAR_EXTERNAL,DEFINITION,,,
BTE073_AV,POE\C01\BTd074.GB,IN,30,13,读,,REAL,,,VAR_EXTERNAL,GLOBAL,,,
BTE073_AV,POE\C01\C01V.VB,,,,,,REAL,,,VAR_EXTERNAL,DEFINITION,,,
BTE082_AV,POE\C01\BTd084.GB,IN,23,8,读,,REAL,,,VAR_EXTERNAL,GLOBAL,,,
BTE082_AV,POE\C01\C01V.VB,,,,,,REAL,,,VAR_EXTERNAL,DEFINITION,,,
BTE083_AV,POE\C01\BTd084.GB,IN,27,8,读,,REAL,,,VAR_EXTERNAL,GLOBAL,,,
BTE083_AV,POE\C01\C01V.VB,,,,,,REAL,,,VAR_EXTERNAL,DEFINITION,,,
BTE092_AV,POE\C01\BTd094.GB,IN,22,12,读,,REAL,,,VAR_EXTERNAL,GLOBAL,,,
BTE092_AV,POE\C01\C01V.VB,,,,,,REAL,,,VAR_EXTERNAL,DEFINITION,,,
BTE093_AV,POE\C01\BTd094.GB,IN,26,12,读,,REAL,,,VAR_EXTERNAL,GLOBAL,,,
BTE093_AV,POE\C01\C01V.VB,,,,,,REAL,,,VAR_EXTERNAL,DEFINITION,,,
BTE124_A1_AV,POE\C01\BTd126.GB,IN,21,14,读,,REAL,,,VAR_EXTERNAL,GLOBAL,,,
BTE124_A1_AV,POE\C01\C01V.VB,,,,,,REAL,,,VAR_EXTERNAL,DEFINITION,,,
BTE125_AV,POE\C01\BTd126.GB,IN,25,17,读,,REAL,,,VAR,LOCAL,,,
BTE125_AV,POE\C01\C01V.VB,,,,,,REAL,,,VAR,DEFINITION,,,
BTEM1_HI_COM,POE\C01\BK_COM2.GB,IN,286,28,读,,BOOL,,,VAR_EXTERNAL,GLOBAL,,控制柜I超温,
BTEM1_HI_COM,POE\C01\C01V.VB,,,,,,BOOL,,,VAR_EXTERNAL,DEFINITION,,控制柜I超温,
BTEM2_HI_COM,POE\C01\BK_COM2.GB,IN,271,67,读,,BOOL,,,VAR_EXTERNAL,GLOBAL,,控制柜II超温,
BTEM2_HI_COM,POE\C01\C01V.VB,,,,,,BOOL,,,VAR_EXTERNAL,DEFINITION,,控制柜II超温,
BWH_DW,POE\C01\C01V.VB,,,,,,DWORD,,,VAR_EXTERNAL,DEFINITION,,Reactor Heavy Water Level,
BWH_DW,POE\C01\YXFX_COM3.GB,IN,296,282,读,,DWORD,,,VAR_EXTERNAL,GLOBAL,,Reactor Heavy Water Level,
BWH_H,POE\C01\C01V.VB,,,,,,WORD,,,VAR_EXTERNAL,DEFINITION,,反应堆重水水位,
BWH_H,POE\C01\YXFX_COM3.GB,OUT,296,343,写,,WORD,,,VAR_EXTERNAL,GLOBAL,,反应堆重水水位,
BWH_L,POE\C01\C01V.VB,,,,,,WORD,,,VAR_EXTERNAL,DEFINITION,,反应堆重水水位,
BWH_L,POE\C01\YXFX_COM3.GB,OUT,280,343,写,,WORD,,,VAR_EXTERNAL,GLOBAL,,反应堆重水水位,
BZB1_AC220V_EI_COM,POE\C01\BK_COM2.GB,IN,291,140,读,,BOOL,,,VAR_EXTERNAL,GLOBAL,,1#调节棒应急AC220V I段供电状态,
BZB1_AC220V_EI_COM,POE\C01\C01V.VB,,,,,,BOOL,,,VAR_EXTERNAL,DEFINITION,,1#调节棒应急AC220V I段供电状态,
BZB1_AMP_FAN_F_COM,POE\C01\BK_COM2.GB,IN,31,246,读,,BOOL,,,VAR_EXTERNAL,GLOBAL,,#1调节棒功率放大器风扇故障,
BZB1_AMP_FAN_F_COM,POE\C01\C01V.VB,,,,,,BOOL,,,VAR_EXTERNAL,DEFINITION,,#1调节棒功率放大器风扇故障,
BZB1_APOK_COM,POE\C01\BK_COM2.GB,IN,39,251,读,,BOOL,,,VAR_EXTERNAL,GLOBAL,,1#调节棒功率放大器电源正常,
BZB1_APOK_COM,POE\C01\C01V.VB,,,,,,BOOL,,,VAR_EXTERNAL,DEFINITION,,1#调节棒功率放大器电源正常,
BZB1_AUTO_P_COM,POE\C01\BK_COM2.GB,IN,101,252,读,,BOOL,,,VAR_EXTERNAL,GLOBAL,,1#调节棒棒位在自动调节范围内,
BZB1_AUTO_P_COM,POE\C01\C01V.VB,,,,,,BOOL,,,VAR_EXTERNAL,DEFINITION,,1#调节棒棒位在自动调节范围内,
BZB1_DC110V_EI_COM,POE\C01\BK_COM2.GB,IN,283,140,读,,BOOL,,,VAR_EXTERNAL,GLOBAL,,1#调节棒应急DC110V I段供电状态,
BZB1_DC110V_EI_COM,POE\C01\C01V.VB,,,,,,BOOL,,,VAR_EXTERNAL,DEFINITION,,1#调节棒应急DC110V I段供电状态,
BZB1_DJ1_COM,POE\C01\BK_COM2.GB,IN,231,29,读,,BOOL,,,VAR_EXTERNAL,GLOBAL,,1#调节棒到底部终端位置,
BZB1_DJ1_COM,POE\C01\C01V.VB,,,,,,BOOL,,,VAR_EXTERNAL,DEFINITION,,1#调节棒到底部终端位置,
BZB1_GF_F_COM,POE\C01\BK_COM2.GB,IN,23,251,读,,BOOL,,,VAR_EXTERNAL,GLOBAL,,1#调节棒功放故障,
BZB1_GF_F_COM,POE\C01\C01V.VB,,,,,,BOOL,,,VAR_EXTERNAL,DEFINITION,,1#调节棒功放故障,
BZB1_WD_P_COM,POE\C01\BK_COM2.GB,IN,354,122,读,,BOOL,,,VAR_EXTERNAL,GLOBAL,,1#调节棒电位器供电状态,
BZB1_WD_P_COM,POE\C01\C01V.VB,,,,,,BOOL,,,VAR_EXTERNAL,DEFINITION,,1#调节棒电位器供电状态,
BZB1_ZKF_P_COM,POE\C01\BK_COM2.GB,IN,346,121,读,,BOOL,,,VAR_EXTERNAL,GLOBAL,,1#调节棒自整角机供电状态,
BZB1_ZKF_P_COM,POE\C01\C01V.VB,,,,,,BOOL,,,VAR_EXTERNAL,DEFINITION,,1#调节棒自整角机供电状态,
BZB2_AC220V_EII_COM,POE\C01\BK_COM2.GB,IN,295,139,读,,BOOL,,,VAR_EXTERNAL,GLOBAL,,2#调节棒应急AC220V II段供电状态,
BZB2_AC220V_EII_COM,POE\C01\C01V.VB,,,,,,BOOL,,,VAR_EXTERNAL,DEFINITION,,2#调节棒应急AC220V II段供电状态,
BZB2_AMP_FAN_F_COM,POE\C01\BK_COM2.GB,IN,35,244,读,,BOOL,,,VAR_EXTERNAL,GLOBAL,,#2调节棒功率放大器风扇故障,
BZB2_AMP_FAN_F_COM,POE\C01\C01V.VB,,,,,,BOOL,,,VAR_EXTERNAL,DEFINITION,,#2调节棒功率放大器风扇故障,
BZB2_APOK_COM,POE\C01\BK_COM2.GB,IN,43,251,读,,BOOL,,,VAR_EXTERNAL,GLOBAL,,2#调节棒功率放大器电源正常,
BZB2_APOK_COM,POE\C01\C01V.VB,,,,,,BOOL,,,VAR_EXTERNAL,DEFINITION,,2#调节棒功率放大器电源正常,
BZB2_AUTO_P_COM,POE\C01\BK_COM2.GB,IN,105,252,读,,BOOL,,,VAR_EXTERNAL,GLOBAL,,2#调节棒棒位在自动调节范围内,
BZB2_AUTO_P_COM,POE\C01\C01V.VB,,,,,,BOOL,,,VAR_EXTERNAL,DEFINITION,,2#调节棒棒位在自动调节范围内,
BZB2_DC110V_EII_COM,POE\C01\BK_COM2.GB,IN,287,138,读,,BOOL,,,VAR_EXTERNAL,GLOBAL,,2#调节棒应急DC110V II段供电状态,
BZB2_DC110V_EII_COM,POE\C01\C01V.VB,,,,,,BOOL,,,VAR_EXTERNAL,DEFINITION,,2#调节棒应急DC110V II段供电状态,
BZB2_DJ1_COM,POE\C01\BK_COM2.GB,IN,235,29,读,,BOOL,,,VAR_EXTERNAL,GLOBAL,,2#调节棒到底部终端位置,
BZB2_DJ1_COM,POE\C01\C01V.VB,,,,,,BOOL,,,VAR_EXTERNAL,DEFINITION,,2#调节棒到底部终端位置,
BZB2_GF_F_COM,POE\C01\BK_COM2.GB,IN,27,251,读,,BOOL,,,VAR_EXTERNAL,GLOBAL,,2#调节棒功放故障,
BZB2_GF_F_COM,POE\C01\C01V.VB,,,,,,BOOL,,,VAR_EXTERNAL,DEFINITION,,2#调节棒功放故障,
BZB2_WD_P_COM,POE\C01\BK_COM2.GB,IN,358,122,读,,BOOL,,,VAR_EXTERNAL,GLOBAL,,2#调节棒电位器供电状态,
BZB2_WD_P_COM,POE\C01\C01V.VB,,,,,,BOOL,,,VAR_EXTERNAL,DEFINITION,,2#调节棒电位器供电状态,
BZB2_ZKF_P_COM,POE\C01\BK_COM2.GB,IN,350,121,读,,BOOL,,,VAR_EXTERNAL,GLOBAL,,2#调节棒自整角机供电状态,
BZB2_ZKF_P_COM,POE\C01\C01V.VB,,,,,,BOOL,,,VAR_EXTERNAL,DEFINITION,,2#调节棒自整角机供电状态,
KC_1,POE\C01\BK_COM2.GB,,66,36,调用,,KC,,,VAR,FB,,,
KC_1,POE\C01\C01V.VB,,,,,,KC,,,VAR,DEFINITION,,,
M014UCBOOLSP239,POE\C01\BK_COM2.GB,OUT,28,171,写,,BOOL,,,VAR_EXTERNAL,GLOBAL,,,
M014UCBOOLSP239,POE\C01\C01V.VB,,,,,,BOOL,,,VAR_EXTERNAL,DEFINITION,,,
ROL_NUM1,POE\C01\BK_COM2.GB,IN,31,35,读,,INT,,,VAR,LOCAL,,,
ROL_NUM1,POE\C01\C01V.VB,,,,,,INT,,,VAR,DEFINITION,,,
ROL_NUM1,POE\C01\YXFX_COM2.GB,IN,63,38,读,,INT,,,VAR,LOCAL,,,
ROL_NUM1,POE\C01\YXFX_COM2.GB,IN,28,38,读,,INT,,,VAR,LOCAL,,,
ROL_NUM1,POE\C01\YXFX_COM2.GB,IN,97,38,读,,INT,,,VAR,LOCAL,,,
ROL_NUM1,POE\C01\YXFX_COM2.GB,IN,28,130,读,,INT,,,VAR,LOCAL,,,
ROL_NUM1,POE\C01\YXFX_COM2.GB,IN,97,130,读,,INT,,,VAR,LOCAL,,,
ROL_NUM1,POE\C01\YXFX_COM2.GB,IN,62,130,读,,INT,,,VAR,LOCAL,,,
ROL_NUM1,POE\C01\YXFX_COM2.GB,IN,62,227,读,,INT,,,VAR,LOCAL,,,
ROL_NUM1,POE\C01\YXFX_COM2.GB,IN,97,227,读,,INT,,,VAR,LOCAL,,,
ROL_NUM1,POE\C01\YXFX_COM2.GB,IN,28,227,读,,INT,,,VAR,LOCAL,,,
ROL_NUM1,POE\C01\YXFX_COM2.GB,IN,97,313,读,,INT,,,VAR,LOCAL,,,
ROL_NUM1,POE\C01\YXFX_COM2.GB,IN,28,313,读,,INT,,,VAR,LOCAL,,,
ROL_NUM1,POE\C01\YXFX_COM2.GB,IN,62,313,读,,INT,,,VAR,LOCAL,,,
ROL_NUM1,POE\C01\YXFX_COM2.GB,IN,163,38,读,,INT,,,VAR,LOCAL,,,
ROL_NUM1,POE\C01\YXFX_COM2.GB,IN,130,38,读,,INT,,,VAR,LOCAL,,,
ROL_NUM1,POE\C01\YXFX_COM2.GB,IN,196,38,读,,INT,,,VAR,LOCAL,,,
ROL_NUM1,POE\C01\YXFX_COM2.GB,IN,130,130,读,,INT,,,VAR,LOCAL,,,
ROL_NUM1,POE\C01\YXFX_COM2.GB,IN,163,130,读,,INT,,,VAR,LOCAL,,,
ROL_NUM1,POE\C01\YXFX_COM2.GB,IN,196,130,读,,INT,,,VAR,LOCAL,,,
ROL_NUM1,POE\C01\YXFX_COM2.GB,IN,130,227,读,,INT,,,VAR,LOCAL,,,
ROL_NUM1,POE\C01\YXFX_COM2.GB,IN,163,227,读,,INT,,,VAR,LOCAL,,,
ROL_NUM1,POE\C01\YXFX_COM2.GB,IN,196,227,读,,INT,,,VAR,LOCAL,,,
ROL_NUM1,POE\C01\YXFX_COM2.GB,IN,163,313,读,,INT,,,VAR,LOCAL,,,
ROL_NUM1,POE\C01\YXFX_COM2.GB,IN,196,313,读,,INT,,,VAR,LOCAL,,,
ROL_NUM1,POE\C01\YXFX_COM2.GB,IN,130,313,读,,INT,,,VAR,LOCAL,,,
ROL_NUM1,POE\C01\YXFX_COM2.GB,IN,262,38,读,,INT,,,VAR,LOCAL,,,
ROL_NUM1,POE\C01\YXFX_COM2.GB,IN,295,38,读,,INT,,,VAR,LOCAL,,,
ROL_NUM1,POE\C01\YXFX_COM2.GB,IN,229,38,读,,INT,,,VAR,LOCAL,,,
ROL_NUM1,POE\C01\YXFX_COM2.GB,IN,229,130,读,,INT,,,VAR,LOCAL,,,
ROL_NUM1,POE\C01\YXFX_COM2.GB,IN,295,130,读,,INT,,,VAR,LOCAL,,,
ROL_NUM1,POE\C01\YXFX_COM2.GB,IN,262,130,读,,INT,,,VAR,LOCAL,,,
ROL_NUM1,POE\C01\YXFX_COM2.GB,IN,262,227,读,,INT,,,VAR,LOCAL,,,
ROL_NUM1,POE\C01\YXFX_COM2.GB,IN,229,227,读,,INT,,,VAR,LOCAL,,,
ROL_NUM1,POE\C01\YXFX_COM2.GB,IN,295,227,读,,INT,,,VAR,LOCAL,,,
ROL_NUM1,POE\C01\YXFX_COM2.GB,IN,229,313,读,,INT,,,VAR,LOCAL,,,
ROL_NUM1,POE\C01\YXFX_COM2.GB,IN,262,313,读,,INT,,,VAR,LOCAL,,,
ROL_NUM1,POE\C01\YXFX_COM2.GB,IN,295,313,读,,INT,,,VAR,LOCAL,,,
ROL_NUM1,POE\C01\YXFX_COM2.GB,IN,329,38,读,,INT,,,VAR,LOCAL,,,
ROL_NUM1,POE\C01\YXFX_COM2.GB,IN,329,130,读,,INT,,,VAR,LOCAL,,,
ROL_NUM1,POE\C01\YXFX_COM2.GB,IN,329,227,读,,INT,,,VAR,LOCAL,,,
ROL_NUM1,POE\C01\YXFX_COM2.GB,IN,329,313,读,,INT,,,VAR,LOCAL,,,
ROL_NUM1,POE\C01\YXFX_COM3.GB,IN,17,30,读,,INT,,,VAR,LOCAL,,,
ROL_NUM1,POE\C01\YXFX_COM3.GB,IN,86,30,读,,INT,,,VAR,LOCAL,,,
ROL_NUM1,POE\C01\YXFX_COM3.GB,IN,51,30,读,,INT,,,VAR,LOCAL,,,
ROL_NUM1,POE\C01\YXFX_COM3.GB,IN,51,119,读,,INT,,,VAR,LOCAL,,,
ROL_NUM1,POE\C01\YXFX_COM3.GB,IN,86,119,读,,INT,,,VAR,LOCAL,,,
ROL_NUM1,POE\C01\YXFX_COM3.GB,IN,17,119,读,,INT,,,VAR,LOCAL,,,
ROL_NUM1,POE\C01\YXFX_COM3.GB,IN,17,208,读,,INT,,,VAR,LOCAL,,,
ROL_NUM1,POE\C01\YXFX_COM3.GB,IN,86,208,读,,INT,,,VAR,LOCAL,,,
ROL_NUM1,POE\C01\YXFX_COM3.GB,IN,51,208,读,,INT,,,VAR,LOCAL,,,
ROL_NUM1,POE\C01\YXFX_COM3.GB,IN,51,298,读,,INT,,,VAR,LOCAL,,,
ROL_NUM1,POE\C01\YXFX_COM3.GB,IN,86,298,读,,INT,,,VAR,LOCAL,,,
ROL_NUM1,POE\C01\YXFX_COM3.GB,IN,17,298,读,,INT,,,VAR,LOCAL,,,
ROL_NUM1,POE\C01\YXFX_COM3.GB,IN,152,30,读,,INT,,,VAR,LOCAL,,,
ROL_NUM1,POE\C01\YXFX_COM3.GB,IN,185,30,读,,INT,,,VAR,LOCAL,,,
ROL_NUM1,POE\C01\YXFX_COM3.GB,IN,119,30,读,,INT,,,VAR,LOCAL,,,
ROL_NUM1,POE\C01\YXFX_COM3.GB,IN,119,119,读,,INT,,,VAR,LOCAL,,,
ROL_NUM1,POE\C01\YXFX_COM3.GB,IN,152,119,读,,INT,,,VAR,LOCAL,,,
ROL_NUM1,POE\C01\YXFX_COM3.GB,IN,185,119,读,,INT,,,VAR,LOCAL,,,
ROL_NUM1,POE\C01\YXFX_COM3.GB,IN,152,208,读,,INT,,,VAR,LOCAL,,,
ROL_NUM1,POE\C01\YXFX_COM3.GB,IN,119,208,读,,INT,,,VAR,LOCAL,,,
ROL_NUM1,POE\C01\YXFX_COM3.GB,IN,185,208,读,,INT,,,VAR,LOCAL,,,
ROL_NUM1,POE\C01\YXFX_COM3.GB,IN,119,298,读,,INT,,,VAR,LOCAL,,,
ROL_NUM1,POE\C01\YXFX_COM3.GB,IN,152,298,读,,INT,,,VAR,LOCAL,,,
ROL_NUM1,POE\C01\YXFX_COM3.GB,IN,185,298,读,,INT,,,VAR,LOCAL,,,
ROL_NUM1,POE\C01\YXFX_COM3.GB,IN,251,30,读,,INT,,,VAR,LOCAL,,,
ROL_NUM1,POE\C01\YXFX_COM3.GB,IN,284,30,读,,INT,,,VAR,LOCAL,,,
ROL_NUM1,POE\C01\YXFX_COM3.GB,IN,218,30,读,,INT,,,VAR,LOCAL,,,
ROL_NUM1,POE\C01\YXFX_COM3.GB,IN,251,119,读,,INT,,,VAR,LOCAL,,,
ROL_NUM1,POE\C01\YXFX_COM3.GB,IN,284,119,读,,INT,,,VAR,LOCAL,,,
ROL_NUM1,POE\C01\YXFX_COM3.GB,IN,218,119,读,,INT,,,VAR,LOCAL,,,
ROL_NUM1,POE\C01\YXFX_COM3.GB,IN,218,208,读,,INT,,,VAR,LOCAL,,,
ROL_NUM1,POE\C01\YXFX_COM3.GB,IN,251,208,读,,INT,,,VAR,LOCAL,,,
ROL_NUM1,POE\C01\YXFX_COM3.GB,IN,284,208,读,,INT,,,VAR,LOCAL,,,
ROL_NUM1,POE\C01\YXFX_COM3.GB,IN,251,298,读,,INT,,,VAR,LOCAL,,,
ROL_NUM1,POE\C01\YXFX_COM3.GB,IN,218,298,读,,INT,,,VAR,LOCAL,,,
ROL_NUM1,POE\C01\YXFX_COM3.GB,IN,284,298,读,,INT,,,VAR,LOCAL,,,
ROL_NUM1,POE\C01\YXFX_COM3.GB,IN,318,30,读,,INT,,,VAR,LOCAL,,,
ROL_NUM1,POE\C01\YXFX_COM3.GB,IN,318,119,读,,INT,,,VAR,LOCAL,,,
ROL_NUM1,POE\C01\YXFX_COM3.GB,IN,318,208,读,,INT,,,VAR,LOCAL,,,
ROL_NUM1,POE\C01\YXFX_COM3.GB,IN,318,298,读,,INT,,,VAR,LOCAL,,,
ROL_NUM1,POE\C01\YXFX_COM4.GB,IN,47,30,读,,INT,,,VAR,LOCAL,,,
ROL_NUM1,POE\C01\YXFX_COM4.GB,IN,82,30,读,,INT,,,VAR,LOCAL,,,
ROL_NUM1,POE\C01\YXFX_COM4.GB,IN,13,30,读,,INT,,,VAR,LOCAL,,,
ROL_NUM1,POE\C01\YXFX_COM4.GB,IN,13,121,读,,INT,,,VAR,LOCAL,,,
ROL_NUM1,POE\C01\YXFX_COM4.GB,IN,82,121,读,,INT,,,VAR,LOCAL,,,
ROL_NUM1,POE\C01\YXFX_COM4.GB,IN,47,121,读,,INT,,,VAR,LOCAL,,,
ROL_NUM1,POE\C01\YXFX_COM4.GB,IN,115,30,读,,INT,,,VAR,LOCAL,,,
ROL_NUM1,POE\C01\YXFX_COM4.GB,IN,181,30,读,,INT,,,VAR,LOCAL,,,
ROL_NUM1,POE\C01\YXFX_COM4.GB,IN,148,30,读,,INT,,,VAR,LOCAL,,,
ROL_NUM1,POE\C01\YXFX_COM4.GB,IN,181,121,读,,INT,,,VAR,LOCAL,,,
ROL_NUM1,POE\C01\YXFX_COM4.GB,IN,148,121,读,,INT,,,VAR,LOCAL,,,
ROL_NUM1,POE\C01\YXFX_COM4.GB,IN,115,121,读,,INT,,,VAR,LOCAL,,,
ROL_NUM1,POE\C01\YXFX_COM4.GB,IN,280,30,读,,INT,,,VAR,LOCAL,,,
ROL_NUM1,POE\C01\YXFX_COM4.GB,IN,247,30,读,,INT,,,VAR,LOCAL,,,
ROL_NUM1,POE\C01\YXFX_COM4.GB,IN,214,30,读,,INT,,,VAR,LOCAL,,,
ROL_NUM1,POE\C01\YXFX_COM4.GB,IN,247,121,读,,INT,,,VAR,LOCAL,,,
ROL_NUM1,POE\C01\YXFX_COM4.GB,IN,280,121,读,,INT,,,VAR,LOCAL,,,
ROL_NUM1,POE\C01\YXFX_COM4.GB,IN,214,121,读,,INT,,,VAR,LOCAL,,,
ROL_NUM1,POE\C01\YXFX_COM4.GB,IN,314,30,读,,INT,,,VAR,LOCAL,,,
ROL_NUM1,POE\C01\YXFX_COM4.GB,IN,334,121,读,,INT,,,VAR,LOCAL,,,
ROL_NUM2,POE\C01\BK_COM2.GB,IN,47,34,读,,INT,,,VAR,LOCAL,,,
ROL_NUM2,POE\C01\C01V.VB,,,,,,INT,,,VAR,DEFINITION,,,
ROL_NUM2,POE\C01\YXFX_COM2.GB,IN,79,37,读,,INT,,,VAR,LOCAL,,,
ROL_NUM2,POE\C01\YXFX_COM2.GB,IN,44,37,读,,INT,,,VAR,LOCAL,,,
ROL_NUM2,POE\C01\YXFX_COM2.GB,IN,78,129,读,,INT,,,VAR,LOCAL,,,
ROL_NUM2,POE\C01\YXFX_COM2.GB,IN,44,129,读,,INT,,,VAR,LOCAL,,,
ROL_NUM2,POE\C01\YXFX_COM2.GB,IN,78,226,读,,INT,,,VAR,LOCAL,,,
ROL_NUM2,POE\C01\YXFX_COM2.GB,IN,44,226,读,,INT,,,VAR,LOCAL,,,
ROL_NUM2,POE\C01\YXFX_COM2.GB,IN,78,312,读,,INT,,,VAR,LOCAL,,,
ROL_NUM2,POE\C01\YXFX_COM2.GB,IN,44,312,读,,INT,,,VAR,LOCAL,,,
ROL_NUM2,POE\C01\YXFX_COM2.GB,IN,179,37,读,,INT,,,VAR,LOCAL,,,
ROL_NUM2,POE\C01\YXFX_COM2.GB,IN,146,37,读,,INT,,,VAR,LOCAL,,,
ROL_NUM2,POE\C01\YXFX_COM2.GB,IN,113,37,读,,INT,,,VAR,LOCAL,,,
ROL_NUM2,POE\C01\YXFX_COM2.GB,IN,179,129,读,,INT,,,VAR,LOCAL,,,
ROL_NUM2,POE\C01\YXFX_COM2.GB,IN,146,129,读,,INT,,,VAR,LOCAL,,,
ROL_NUM2,POE\C01\YXFX_COM2.GB,IN,113,129,读,,INT,,,VAR,LOCAL,,,
ROL_NUM2,POE\C01\YXFX_COM2.GB,IN,146,226,读,,INT,,,VAR,LOCAL,,,
ROL_NUM2,POE\C01\YXFX_COM2.GB,IN,179,226,读,,INT,,,VAR,LOCAL,,,
ROL_NUM2,POE\C01\YXFX_COM2.GB,IN,113,226,读,,INT,,,VAR,LOCAL,,,
ROL_NUM2,POE\C01\YXFX_COM2.GB,IN,179,312,读,,INT,,,VAR,LOCAL,,,
ROL_NUM2,POE\C01\YXFX_COM2.GB,IN,113,312,读,,INT,,,VAR,LOCAL,,,
ROL_NUM2,POE\C01\YXFX_COM2.GB,IN,146,312,读,,INT,,,VAR,LOCAL,,,
ROL_NUM2,POE\C01\YXFX_COM2.GB,IN,212,37,读,,INT,,,VAR,LOCAL,,,
ROL_NUM2,POE\C01\YXFX_COM2.GB,IN,245,37,读,,INT,,,VAR,LOCAL,,,
ROL_NUM2,POE\C01\YXFX_COM2.GB,IN,278,37,读,,INT,,,VAR,LOCAL,,,
ROL_NUM2,POE\C01\YXFX_COM2.GB,IN,245,129,读,,INT,,,VAR,LOCAL,,,
ROL_NUM2,POE\C01\YXFX_COM2.GB,IN,278,129,读,,INT,,,VAR,LOCAL,,,
ROL_NUM2,POE\C01\YXFX_COM2.GB,IN,212,129,读,,INT,,,VAR,LOCAL,,,
ROL_NUM2,POE\C01\YXFX_COM2.GB,IN,245,226,读,,INT,,,VAR,LOCAL,,,
ROL_NUM2,POE\C01\YXFX_COM2.GB,IN,212,226,读,,INT,,,VAR,LOCAL,,,
ROL_NUM2,POE\C01\YXFX_COM2.GB,IN,278,226,读,,INT,,,VAR,LOCAL,,,
ROL_NUM2,POE\C01\YXFX_COM2.GB,IN,245,312,读,,INT,,,VAR,LOCAL,,,
ROL_NUM2,POE\C01\YXFX_COM2.GB,IN,212,312,读,,INT,,,VAR,LOCAL,,,
ROL_NUM2,POE\C01\YXFX_COM2.GB,IN,278,312,读,,INT,,,VAR,LOCAL,,,
ROL_NUM2,POE\C01\YXFX_COM2.GB,IN,311,37,读,,INT,,,VAR,LOCAL,,,
ROL_NUM2,POE\C01\YXFX_COM2.GB,IN,345,37,读,,INT,,,VAR,LOCAL,,,
ROL_NUM2,POE\C01\YXFX_COM2.GB,IN,345,129,读,,INT,,,VAR,LOCAL,,,
ROL_NUM2,POE\C01\YXFX_COM2.GB,IN,311,129,读,,INT,,,VAR,LOCAL,,,
ROL_NUM2,POE\C01\YXFX_COM2.GB,IN,345,226,读,,INT,,,VAR,LOCAL,,,
ROL_NUM2,POE\C01\YXFX_COM2.GB,IN,311,226,读,,INT,,,VAR,LOCAL,,,
ROL_NUM2,POE\C01\YXFX_COM2.GB,IN,311,312,读,,INT,,,VAR,LOCAL,,,
ROL_NUM2,POE\C01\YXFX_COM2.GB,IN,345,312,读,,INT,,,VAR,LOCAL,,,
ROL_NUM2,POE\C01\YXFX_COM3.GB,IN,33,29,读,,INT,,,VAR,LOCAL,,,
ROL_NUM2,POE\C01\YXFX_COM3.GB,IN,67,29,读,,INT,,,VAR,LOCAL,,,
ROL_NUM2,POE\C01\YXFX_COM3.GB,IN,33,118,读,,INT,,,VAR,LOCAL,,,
ROL_NUM2,POE\C01\YXFX_COM3.GB,IN,67,118,读,,INT,,,VAR,LOCAL,,,
ROL_NUM2,POE\C01\YXFX_COM3.GB,IN,67,207,读,,INT,,,VAR,LOCAL,,,
ROL_NUM2,POE\C01\YXFX_COM3.GB,IN,33,207,读,,INT,,,VAR,LOCAL,,,
ROL_NUM2,POE\C01\YXFX_COM3.GB,IN,33,297,读,,INT,,,VAR,LOCAL,,,
ROL_NUM2,POE\C01\YXFX_COM3.GB,IN,67,297,读,,INT,,,VAR,LOCAL,,,
ROL_NUM2,POE\C01\YXFX_COM3.GB,IN,135,29,读,,INT,,,VAR,LOCAL,,,
ROL_NUM2,POE\C01\YXFX_COM3.GB,IN,102,29,读,,INT,,,VAR,LOCAL,,,
ROL_NUM2,POE\C01\YXFX_COM3.GB,IN,168,29,读,,INT,,,VAR,LOCAL,,,
ROL_NUM2,POE\C01\YXFX_COM3.GB,IN,168,118,读,,INT,,,VAR,LOCAL,,,
ROL_NUM2,POE\C01\YXFX_COM3.GB,IN,135,118,读,,INT,,,VAR,LOCAL,,,
ROL_NUM2,POE\C01\YXFX_COM3.GB,IN,102,118,读,,INT,,,VAR,LOCAL,,,
ROL_NUM2,POE\C01\YXFX_COM3.GB,IN,168,207,读,,INT,,,VAR,LOCAL,,,
ROL_NUM2,POE\C01\YXFX_COM3.GB,IN,135,207,读,,INT,,,VAR,LOCAL,,,
ROL_NUM2,POE\C01\YXFX_COM3.GB,IN,102,207,读,,INT,,,VAR,LOCAL,,,
ROL_NUM2,POE\C01\YXFX_COM3.GB,IN,135,297,读,,INT,,,VAR,LOCAL,,,
ROL_NUM2,POE\C01\YXFX_COM3.GB,IN,102,297,读,,INT,,,VAR,LOCAL,,,
ROL_NUM2,POE\C01\YXFX_COM3.GB,IN,168,297,读,,INT,,,VAR,LOCAL,,,
ROL_NUM2,POE\C01\YXFX_COM3.GB,IN,267,29,读,,INT,,,VAR,LOCAL,,,
ROL_NUM2,POE\C01\YXFX_COM3.GB,IN,234,29,读,,INT,,,VAR,LOCAL,,,
ROL_NUM2,POE\C01\YXFX_COM3.GB,IN,201,29,读,,INT,,,VAR,LOCAL,,,
ROL_NUM2,POE\C01\YXFX_COM3.GB,IN,201,118,读,,INT,,,VAR,LOCAL,,,
ROL_NUM2,POE\C01\YXFX_COM3.GB,IN,234,118,读,,INT,,,VAR,LOCAL,,,
ROL_NUM2,POE\C01\YXFX_COM3.GB,IN,267,118,读,,INT,,,VAR,LOCAL,,,
ROL_NUM2,POE\C01\YXFX_COM3.GB,IN,234,207,读,,INT,,,VAR,LOCAL,,,
ROL_NUM2,POE\C01\YXFX_COM3.GB,IN,201,207,读,,INT,,,VAR,LOCAL,,,
ROL_NUM2,POE\C01\YXFX_COM3.GB,IN,267,207,读,,INT,,,VAR,LOCAL,,,
ROL_NUM2,POE\C01\YXFX_COM3.GB,IN,267,297,读,,INT,,,VAR,LOCAL,,,
ROL_NUM2,POE\C01\YXFX_COM3.GB,IN,234,297,读,,INT,,,VAR,LOCAL,,,
ROL_NUM2,POE\C01\YXFX_COM3.GB,IN,201,297,读,,INT,,,VAR,LOCAL,,,
ROL_NUM2,POE\C01\YXFX_COM3.GB,IN,334,29,读,,INT,,,VAR,LOCAL,,,
ROL_NUM2,POE\C01\YXFX_COM3.GB,IN,300,29,读,,INT,,,VAR,LOCAL,,,
ROL_NUM2,POE\C01\YXFX_COM3.GB,IN,334,118,读,,INT,,,VAR,LOCAL,,,
ROL_NUM2,POE\C01\YXFX_COM3.GB,IN,300,118,读,,INT,,,VAR,LOCAL,,,
ROL_NUM2,POE\C01\YXFX_COM3.GB,IN,300,207,读,,INT,,,VAR,LOCAL,,,
ROL_NUM2,POE\C01\YXFX_COM3.GB,IN,334,207,读,,INT,,,VAR,LOCAL,,,
ROL_NUM2,POE\C01\YXFX_COM3.GB,IN,334,297,读,,INT,,,VAR,LOCAL,,,
ROL_NUM2,POE\C01\YXFX_COM3.GB,IN,300,297,读,,INT,,,VAR,LOCAL,,,
ROL_NUM2,POE\C01\YXFX_COM4.GB,IN,29,29,读,,INT,,,VAR,LOCAL,,,
ROL_NUM2,POE\C01\YXFX_COM4.GB,IN,63,29,读,,INT,,,VAR,LOCAL,,,
ROL_NUM2,POE\C01\YXFX_COM4.GB,IN,98,29,读,,INT,,,VAR,LOCAL,,,
ROL_NUM2,POE\C01\YXFX_COM4.GB,IN,29,120,读,,INT,,,VAR,LOCAL,,,
ROL_NUM2,POE\C01\YXFX_COM4.GB,IN,98,120,读,,INT,,,VAR,LOCAL,,,
ROL_NUM2,POE\C01\YXFX_COM4.GB,IN,63,120,读,,INT,,,VAR,LOCAL,,,
ROL_NUM2,POE\C01\YXFX_COM4.GB,IN,131,29,读,,INT,,,VAR,LOCAL,,,
ROL_NUM2,POE\C01\YXFX_COM4.GB,IN,164,29,读,,INT,,,VAR,LOCAL,,,
ROL_NUM2,POE\C01\YXFX_COM4.GB,IN,197,29,读,,INT,,,VAR,LOCAL,,,
ROL_NUM2,POE\C01\YXFX_COM4.GB,IN,131,120,读,,INT,,,VAR,LOCAL,,,
ROL_NUM2,POE\C01\YXFX_COM4.GB,IN,197,120,读,,INT,,,VAR,LOCAL,,,
ROL_NUM2,POE\C01\YXFX_COM4.GB,IN,164,120,读,,INT,,,VAR,LOCAL,,,
ROL_NUM2,POE\C01\YXFX_COM4.GB,IN,263,29,读,,INT,,,VAR,LOCAL,,,
ROL_NUM2,POE\C01\YXFX_COM4.GB,IN,296,29,读,,INT,,,VAR,LOCAL,,,
ROL_NUM2,POE\C01\YXFX_COM4.GB,IN,230,29,读,,INT,,,VAR,LOCAL,,,
ROL_NUM2,POE\C01\YXFX_COM4.GB,IN,296,120,读,,INT,,,VAR,LOCAL,,,
ROL_NUM2,POE\C01\YXFX_COM4.GB,IN,263,120,读,,INT,,,VAR,LOCAL,,,
ROL_NUM2,POE\C01\YXFX_COM4.GB,IN,230,120,读,,INT,,,VAR,LOCAL,,,
ROL_NUM2,POE\C01\YXFX_COM4.GB,IN,330,29,读,,INT,,,VAR,LOCAL,,,
ROL_NUM2,POE\C01\YXFX_COM4.GB,IN,350,120,读,,INT,,,VAR,LOCAL,,,
RS_1,POE\C01\BK_COM2.GB,,66,108,调用,,RS,,,VAR,FB,,,
RS_1,POE\C01\C01V.VB,,,,,,RS,,,VAR,DEFINITION,,,
RS_2,POE\C01\BK_COM2.GB,,86,110,调用,,RS,,,VAR,FB,,,
RS_2,POE\C01\C01V.VB,,,,,,RS,,,VAR,DEFINITION,,,
RS_3,POE\C01\BK_COM2.GB,,110,110,调用,,RS,,,VAR,FB,,,
RS_3,POE\C01\C01V.VB,,,,,,RS,,,VAR,DEFINITION,,,
RS_4,POE\C01\BK_COM2.GB,,136,110,调用,,RS,,,VAR,FB,,,
RS_4,POE\C01\C01V.VB,,,,,,RS,,,VAR,DEFINITION,,,
